mem_no,mem_sex,acpt_yn,mem_mbti_code,ptr_mem_no,ptr_mem_sex,ptr_acpt_yn,ptr_mbti_code,open_slct,want_slct,read_yn,ins_date
1663087,m,y,ISFP,1666973,f,n,ISFP,f,c,y,2021-09-25 23:38:45
1429227,m,y,INFP,1646015,f,n,ENFJ,f,c,n,2021-09-28 22:17:30
1414642,m,y,INFP,1619629,f,n,ENFJ,f,c,y,2021-09-28 00:40:55
1525643,m,y,ENTP,1619629,f,n,ENFJ,f,s,y,2021-09-10 21:53:33
967298,m,y,ESTJ,1661325,f,n,INFP,f,s,n,2021-09-23 20:51:21
967298,m,y,ESTJ,1444967,f,n,ISFJ,f,s,n,2021-09-23 21:08:36
1249975,m,y,ESFP,1661325,f,n,INFP,f,c,n,2021-09-24 22:08:48
1407208,m,y,ESFJ,1661325,f,n,INFP,f,s,n,2021-09-26 12:53:58
1407208,m,y,ESFJ,1655445,f,n,ISFP,f,s,y,2021-09-26 07:34:55
1652898,m,y,ENTJ,1661325,f,n,INFP,f,s,y,2021-09-22 12:12:00
1652898,m,y,ENTJ,1667856,f,n,INTP,f,s,y,2021-09-25 18:53:41
1258669,f,y,INFP,1570454,m,n,INFP,f,s,y,2021-09-06 21:41:33
1415445,m,y,INFP,1635600,f,n,ISFJ,f,s,y,2021-09-27 22:11:51
1226753,m,y,ISFP,1189530,f,n,ISFP,f,s,y,2021-09-22 22:41:34
1226753,m,y,ISFP,1539560,f,n,ESFJ,f,s,n,2021-09-22 22:44:59
1665229,m,y,INFJ,1189530,f,n,ISFP,f,s,y,2021-09-22 18:42:38
1665229,m,y,INFJ,912114,f,n,INFP,f,s,n,2021-09-22 17:39:54
1665229,m,y,INFJ,1631685,f,n,INTP,f,s,y,2021-09-22 18:34:08
1665229,m,y,INFJ,1097634,f,n,ESFP,f,s,y,2021-09-22 18:47:22
851144,m,y,ENFP,1189530,f,n,ISFP,f,s,y,2021-09-12 18:11:35
851144,m,y,ENFP,1659912,f,y,ISFP,i,s,y,2021-09-22 21:22:25
851144,m,y,ENFP,1588196,f,n,INFJ,f,s,n,2021-09-16 22:13:00
1558062,f,y,INFP,1622335,m,n,ENTP,f,s,y,2021-09-14 22:28:05
1558062,f,y,INFP,1639692,m,n,ESTJ,f,s,y,2021-09-14 22:25:44
1515764,m,y,ESFJ,1321258,f,n,INTJ,f,c,y,2021-09-26 22:50:12
1665946,m,y,ISFJ,1659912,f,n,ISFP,f,c,y,2021-09-26 13:07:11
1670767,m,y,INFP,1659912,f,n,ISFP,f,s,y,2021-09-29 10:37:47
1670767,m,y,INFP,1640670,f,y,ENFP,i,s,y,2021-09-29 22:25:15
1670767,m,y,INFP,1642415,f,n,ISFP,f,c,n,2021-09-29 10:24:16
1669272,m,y,INTJ,1659912,f,n,ISFP,f,c,y,2021-09-27 21:58:51
1669147,m,y,INFJ,1659912,f,n,ISFP,f,c,y,2021-09-27 08:43:52
1669147,m,y,INFJ,1664712,f,n,ISFP,f,c,y,2021-09-27 08:44:08
1292943,m,y,INFP,1659912,f,n,ISFP,f,c,y,2021-09-23 21:49:42
1292943,m,y,INFP,1603578,f,n,ENFP,f,c,n,2021-09-24 15:17:09
1292943,m,y,INFP,1668163,f,n,ISFJ,f,c,y,2021-09-26 01:43:05
1439179,m,y,ISFP,903007,f,n,ESFP,f,c,y,2021-09-30 01:18:13
1439179,m,y,ISFP,1668464,f,n,ISFP,f,c,y,2021-09-27 21:18:45
1439179,m,y,ISFP,1627932,f,n,ISTP,f,c,y,2021-09-28 21:25:48
1439179,m,y,ISFP,1589500,f,n,INFP,f,c,y,2021-09-23 23:04:07
1439179,m,y,ISFP,1644864,f,n,INFJ,f,c,y,2021-09-28 21:28:48
1439179,m,y,ISFP,1578594,f,n,INFJ,f,c,y,2021-09-30 01:17:32
1439179,m,y,ISFP,1667365,f,n,INTJ,f,c,y,2021-09-28 21:26:13
1439179,m,y,ISFP,1453186,f,n,ISTP,f,c,y,2021-09-30 01:20:51
1439179,m,y,ISFP,717331,f,n,ISFJ,f,c,n,2021-09-28 21:24:37
1439179,m,y,ISFP,1659909,f,n,INFP,f,c,y,2021-09-28 21:27:49
1439179,m,y,ISFP,1077440,f,n,INTP,f,c,n,2021-09-28 21:28:31
1439179,m,y,ISFP,1661700,f,n,ESTP,f,c,y,2021-09-23 23:00:59
1439179,m,y,ISFP,1369605,f,n,INTJ,f,c,y,2021-09-28 21:26:21
1439179,m,y,ISFP,1663906,f,n,ISTP,f,c,y,2021-09-28 21:27:39
1439179,m,y,ISFP,1604763,f,n,INFP,f,c,n,2021-09-23 23:02:59
1439179,m,y,ISFP,1515713,f,n,ISFJ,f,c,n,2021-09-23 23:03:27
1439179,m,y,ISFP,1564994,f,n,INTP,f,c,n,2021-09-27 18:31:26
1439179,m,y,ISFP,1662704,f,n,ENTJ,f,c,y,2021-09-28 21:25:18
1439179,m,y,ISFP,1126800,f,n,ENFJ,f,c,y,2021-09-28 21:28:27
1439179,m,y,ISFP,1642415,f,n,ISFP,f,c,n,2021-09-27 13:27:06
1439179,m,y,ISFP,1271602,f,n,ISFP,f,c,y,2021-09-29 20:55:02
1439179,m,y,ISFP,1475591,f,n,ESFP,f,c,n,2021-09-28 21:29:44
1439179,m,y,ISFP,1573040,f,n,ENFJ,f,c,y,2021-09-28 21:28:04
1439179,m,y,ISFP,1205222,f,n,ENTP,f,c,n,2021-09-23 23:01:23
1439179,m,y,ISFP,1621063,f,n,INFP,f,c,y,2021-09-28 21:25:53
1439179,m,y,ISFP,1609547,f,n,ISTP,f,c,y,2021-09-29 06:05:13
1439179,m,y,ISFP,1602016,f,n,ISFP,f,c,n,2021-09-28 21:26:54
1439179,m,y,ISFP,1287465,f,n,ISFP,f,c,y,2021-09-28 21:28:42
1439179,m,y,ISFP,1298164,f,n,ISFP,f,c,y,2021-09-28 21:28:58
1439179,m,y,ISFP,1524530,f,n,ISTJ,f,c,y,2021-09-23 23:03:37
1439179,m,y,ISFP,1053695,f,n,ISFP,f,c,y,2021-09-23 23:03:42
1439179,m,y,ISFP,1400955,f,n,ENFP,f,c,y,2021-09-28 21:26:33
1268376,m,y,INFP,313242,f,n,ENFJ,f,s,y,2021-09-25 14:18:48
1268376,m,y,INFP,1362447,f,n,INTJ,f,s,y,2021-09-22 09:46:46
1451299,m,y,ISFP,313242,f,n,ENFJ,f,c,y,2021-09-26 17:16:14
1427160,m,y,INFP,313242,f,n,ENFJ,f,c,y,2021-09-29 00:09:15
1586386,m,y,INTP,313242,f,n,ENFJ,f,s,y,2021-09-27 05:51:25
1586386,m,y,INTP,1605568,f,n,ISFJ,f,c,y,2021-09-27 06:07:59
1586386,m,y,INTP,1339853,f,n,ISFJ,f,c,y,2021-09-27 06:10:12
1586386,m,y,INTP,1579840,f,n,ENFP,f,c,y,2021-09-27 06:02:05
405687,m,y,INFP,313242,f,n,ENFJ,f,s,y,2021-09-10 22:24:38
580760,m,y,INTP,313242,f,n,ENFJ,f,s,y,2021-09-25 20:25:27
580760,m,y,INTP,1666234,f,n,INFP,f,c,y,2021-09-25 20:25:01
1620382,m,y,ESTP,1538623,f,n,ESTP,f,s,n,2021-09-09 16:16:14
1328856,m,y,INFP,1550920,f,n,INFP,f,c,y,2021-09-26 15:35:23
1667921,m,y,ENFJ,1640120,f,n,ENFP,f,c,n,2021-09-27 01:34:56
1585043,m,y,INTP,1138938,f,n,ISFP,f,s,y,2021-09-20 21:42:46
1543500,f,y,ISFJ,574325,m,n,ISTP,f,c,y,2021-09-27 11:05:04
1661992,m,y,ENFJ,1655445,f,n,ISFP,f,c,y,2021-09-29 15:07:34
1458793,m,y,ISFP,1655445,f,n,ISFP,f,c,y,2021-09-23 07:12:15
1666571,m,y,INFJ,1655445,f,n,ISFP,f,c,y,2021-09-24 00:57:40
1645983,m,y,ISFP,1655445,f,n,ISFP,f,s,y,2021-09-21 09:46:53
1645983,m,y,ISFP,1668464,f,n,ISFP,f,s,y,2021-09-26 18:37:33
1645983,m,y,ISFP,1667365,f,n,INTJ,f,s,y,2021-09-25 10:26:44
1645983,m,y,ISFP,1405026,f,n,ESFP,f,s,y,2021-09-08 19:17:30
1645983,m,y,ISFP,1568844,f,n,ENFP,f,s,y,2021-09-21 09:47:09
1645983,m,y,ISFP,1619516,f,n,ESFJ,f,s,y,2021-09-24 08:16:14
1645983,m,y,ISFP,1509002,f,n,ESFP,f,s,n,2021-09-24 17:16:27
1645983,m,y,ISFP,1349847,f,n,ISFP,f,s,n,2021-09-08 20:20:27
1602829,f,y,ESFP,1638872,m,n,INFJ,f,s,y,2021-09-03 23:46:40
1277912,m,y,ISFP,1631944,f,n,INFP,f,c,y,2021-09-23 21:07:10
461597,m,y,ISTP,1631944,f,n,INFP,f,c,y,2021-09-25 00:00:24
1457475,m,y,INFP,1664181,f,n,INFP,f,c,y,2021-09-23 15:59:04
1457475,m,y,INFP,1667785,f,n,ESFJ,f,c,y,2021-09-25 17:36:54
1457475,m,y,INFP,1664612,f,n,ISTJ,f,c,y,2021-09-23 14:20:32
1660816,m,y,INFP,1664181,f,n,INFP,f,s,y,2021-09-22 23:36:20
1660816,m,y,INFP,1575994,f,n,INFP,f,s,y,2021-09-19 18:34:57
1660816,m,y,INFP,1603508,f,n,INFP,f,c,y,2021-09-27 20:57:47
1469131,m,y,ENFJ,1607896,f,n,ENFJ,f,s,n,2021-09-08 15:52:35
1469131,m,y,ENFJ,1639767,f,n,INFP,f,c,n,2021-09-23 20:25:07
1469131,m,y,ENFJ,1593080,f,n,INFJ,f,s,y,2021-09-08 15:53:22
1669612,m,y,ESFP,1642816,f,n,ESFP,f,s,n,2021-09-29 20:21:43
1669612,m,y,ESFP,1382244,f,n,INFP,f,s,n,2021-09-29 20:25:51
1512934,m,y,INFJ,1642816,f,n,ESFP,f,s,n,2021-09-27 10:10:28
1512934,m,y,INFJ,1660808,f,n,ENFP,f,s,n,2021-09-27 10:03:44
1512934,m,y,INFJ,1520112,f,n,ISTJ,f,s,n,2021-09-27 10:13:56
1263399,m,y,INTP,1354540,f,n,ENTJ,f,s,y,2021-09-28 12:16:40
1263399,m,y,INTP,1183603,f,n,ENTJ,f,s,y,2021-09-28 12:10:44
1162692,m,y,INFP,1645852,f,n,INFP,f,c,y,2021-09-26 23:34:36
1292560,m,y,ISFP,1645852,f,n,INFP,f,c,y,2021-09-25 20:59:34
1454869,m,y,INFP,1645852,f,n,INFP,f,s,y,2021-09-04 10:48:21
1454869,m,y,INFP,1650613,f,n,ISFP,f,s,y,2021-09-04 11:56:16
1647848,m,y,ENFP,1645852,f,n,INFP,f,s,y,2021-09-20 21:27:25
1665822,m,y,ISFJ,1645852,f,n,INFP,f,c,y,2021-09-23 10:01:18
1659709,m,y,ESFP,1645852,f,n,INFP,f,s,y,2021-09-16 13:39:43
1659709,m,y,ESFP,1660172,f,n,ESFJ,f,s,y,2021-09-16 13:41:09
1659709,m,y,ESFP,1650469,f,n,ENFP,f,s,y,2021-09-16 17:34:33
1659709,m,y,ESFP,1504791,f,n,INTP,f,s,y,2021-09-26 02:55:58
1653336,m,y,ENFJ,1645852,f,n,INFP,f,s,y,2021-09-14 02:23:34
1653214,m,y,ENFP,1668439,f,n,INFP,f,s,y,2021-09-26 16:37:45
1653214,m,y,ENFP,1621852,f,n,INFP,f,s,y,2021-09-08 00:12:36
1653214,m,y,ENFP,1344733,f,n,INFJ,f,s,y,2021-09-09 17:54:32
1653214,m,y,ENFP,1466222,f,n,ISFJ,f,s,y,2021-09-21 04:15:09
1653214,m,y,ENFP,1622913,f,n,ESFP,f,s,y,2021-09-11 03:18:58
1653214,m,y,ENFP,1652375,f,n,ENFP,f,s,y,2021-09-26 08:20:46
1653214,m,y,ENFP,1250003,f,n,ISFP,f,s,y,2021-09-11 07:07:56
1653214,m,y,ENFP,1453043,f,n,INFP,f,s,y,2021-09-08 00:15:11
1653214,m,y,ENFP,1654190,f,n,ENTJ,f,s,y,2021-09-09 18:02:20
1653214,m,y,ENFP,1665494,f,n,INTJ,f,s,y,2021-09-22 22:52:59
1653214,m,y,ENFP,1586840,f,n,INFP,f,s,y,2021-09-09 17:14:54
1653214,m,y,ENFP,1538598,f,n,ISFP,f,s,y,2021-09-10 22:49:30
1653214,m,y,ENFP,1441459,f,y,ENFJ,f,s,y,2021-09-27 20:27:42
1653214,m,y,ENFP,1625635,f,n,INTJ,f,s,y,2021-09-13 22:49:02
1653214,m,y,ENFP,1639447,f,n,INFP,f,c,y,2021-09-23 06:23:43
1653214,m,y,ENFP,429616,f,n,ESFJ,f,s,y,2021-09-09 18:22:22
1434497,m,y,ISFP,1646544,f,n,ISTP,f,s,y,2021-09-23 23:30:26
1486151,m,y,INFP,1646544,f,n,ISTP,f,c,y,2021-09-24 09:40:20
1486151,m,y,INFP,1435299,f,n,INFP,f,s,y,2021-09-10 15:37:26
1497299,m,y,ENFJ,1530448,f,n,ISFP,f,c,n,2021-09-26 18:51:02
1130360,f,y,ISTJ,1048165,m,y,ENFP,i,s,y,2021-09-15 02:24:18
1641877,m,y,ESFJ,1632707,f,n,INFJ,f,s,y,2021-09-09 00:48:28
1044357,m,y,INFP,1632707,f,n,INFJ,f,s,y,2021-09-15 00:50:13
1044357,m,y,INFP,1464014,f,n,INFP,f,s,y,2021-09-04 04:11:09
1044357,m,y,INFP,1214515,f,n,ISFP,f,s,y,2021-09-15 01:00:35
1044357,m,y,INFP,1622913,f,n,ESFP,f,s,y,2021-09-12 03:08:53
1044357,m,y,INFP,1612707,f,n,ISFJ,f,s,y,2021-09-21 11:08:33
1044357,m,y,INFP,1664612,f,n,ISTJ,f,c,y,2021-09-24 11:26:30
1044357,m,y,INFP,1486107,f,n,ISFP,f,s,y,2021-09-15 01:02:32
1044357,m,y,INFP,1569100,f,n,ESFP,f,s,y,2021-09-14 09:02:23
1044357,m,y,INFP,1422870,f,n,INFP,f,s,y,2021-09-12 03:16:20
1044357,m,y,INFP,1621554,f,n,INFP,f,s,y,2021-09-17 09:16:20
1044357,m,y,INFP,1417110,f,n,ESFP,f,s,n,2021-09-15 14:58:14
1044357,m,y,INFP,973663,f,n,INTP,f,s,y,2021-09-11 16:22:28
1044357,m,y,INFP,1161763,f,n,INFP,f,s,y,2021-09-15 00:58:02
1044357,m,y,INFP,1625621,f,n,ISFP,f,s,y,2021-09-12 03:43:50
1044357,m,y,INFP,1314238,f,n,INFP,f,s,y,2021-09-15 01:05:19
1347918,m,y,ISFP,1632707,f,n,INFJ,f,c,y,2021-09-28 00:17:09
1578908,m,y,INTJ,1588610,f,n,ESTJ,f,s,y,2021-09-17 07:50:52
1578908,m,y,INTJ,1660172,f,n,ESFJ,f,s,y,2021-09-16 15:54:17
1578908,m,y,INTJ,1355449,f,n,ISFP,f,s,y,2021-09-16 18:18:53
1578908,m,y,INTJ,1557691,f,n,ENTJ,f,s,y,2021-09-16 20:17:53
1578908,m,y,INTJ,1517896,f,n,INFJ,f,s,y,2021-09-16 16:52:41
1578908,m,y,INTJ,1647053,f,n,ENFP,f,s,y,2021-09-16 18:22:08
1578908,m,y,INTJ,1659969,f,n,ENFJ,f,s,y,2021-09-16 16:34:58
1578908,m,y,INTJ,1190594,f,n,INFP,f,s,y,2021-09-16 17:00:28
1578908,m,y,INTJ,1105283,f,n,INFP,f,s,y,2021-09-16 19:09:39
1578908,m,y,INTJ,1641937,f,n,ISFP,f,s,y,2021-09-16 16:47:08
1578908,m,y,INTJ,1628572,f,n,INFP,f,s,y,2021-09-16 17:53:34
1578908,m,y,INTJ,1477106,f,n,ISFJ,f,s,y,2021-09-16 16:56:17
1578908,m,y,INTJ,1639940,f,n,ISFJ,f,s,y,2021-09-16 17:56:52
1315416,m,y,ENFP,1662795,f,n,ENFP,f,s,y,2021-09-27 09:26:57
1021789,m,y,ENFP,1662795,f,n,ENFP,f,s,y,2021-09-20 12:40:11
1021789,m,y,ENFP,1663428,f,n,ENTJ,f,s,y,2021-09-20 15:08:39
1021789,m,y,ENFP,1658354,f,n,ENFJ,f,s,y,2021-09-14 05:32:22
1615782,m,y,INFP,1662795,f,n,ENFP,f,c,y,2021-09-26 14:49:27
609472,m,y,ISFP,1667855,f,n,ESFP,f,c,y,2021-09-25 18:54:00
574325,m,y,ISTP,1667855,f,y,ESFP,i,s,y,2021-09-25 22:33:46
574325,m,y,ISTP,1310301,f,n,INFP,f,s,y,2021-09-27 07:44:34
574325,m,y,ISTP,1656792,f,y,ENFP,i,s,y,2021-09-23 07:07:15
574325,m,y,ISTP,1664807,f,n,ENFJ,f,s,y,2021-09-22 06:36:04
574325,m,y,ISTP,201617,f,n,ESTP,f,s,n,2021-09-24 07:52:59
574325,m,y,ISTP,1662322,f,n,ISFP,f,s,y,2021-09-21 08:04:14
574325,m,y,ISTP,1542453,f,n,INTJ,f,s,y,2021-09-22 06:52:28
574325,m,y,ISTP,1663372,f,n,ISFJ,f,s,y,2021-09-21 09:20:41
574325,m,y,ISTP,1664155,f,n,INFP,f,s,y,2021-09-27 07:36:51
574325,m,y,ISTP,1639292,f,n,ISFJ,f,s,y,2021-09-25 07:56:02
574325,m,y,ISTP,1643898,f,n,ESFP,f,s,y,2021-09-09 06:43:48
574325,m,y,ISTP,1265602,f,n,ISFP,f,s,y,2021-09-24 08:08:34
574325,m,y,ISTP,1543500,f,n,ISFJ,f,s,y,2021-09-27 07:42:49
574325,m,y,ISTP,1665591,f,n,ISFP,f,s,y,2021-09-23 07:13:57
1187472,m,y,INTP,1667855,f,n,ESFP,f,c,y,2021-09-26 12:12:52
1187472,m,y,INTP,1669738,f,n,ENTJ,f,s,y,2021-09-27 23:44:10
290953,m,y,ISFJ,1667855,f,n,ESFP,f,c,y,2021-09-26 13:13:42
227832,m,y,INFP,1624582,f,n,INTJ,f,c,y,2021-09-29 07:49:05
1642380,m,y,ENTJ,1321171,f,n,INTP,f,s,y,2021-09-04 18:41:45
1661752,m,y,INFJ,1321171,f,n,INTP,f,s,n,2021-09-18 20:08:41
1661752,m,y,INFJ,1549199,f,n,ENFP,f,s,y,2021-09-18 19:28:55
1571996,m,y,ENFJ,1321171,f,n,INTP,f,s,n,2021-09-29 21:17:14
1634887,m,y,INFP,1321171,f,n,INTP,f,s,n,2021-09-21 01:18:30
1634887,m,y,INFP,1651318,f,n,ENFJ,f,s,y,2021-09-19 07:03:00
1634887,m,y,INFP,1654600,f,n,ISFP,f,s,n,2021-09-19 13:51:02
1634887,m,y,INFP,1660172,f,n,ESFJ,f,s,y,2021-09-19 07:25:58
1634887,m,y,INFP,1646484,f,n,ISTJ,f,s,y,2021-09-21 01:15:54
1634887,m,y,INFP,1649942,f,n,ESTJ,f,s,y,2021-09-03 08:30:58
1634887,m,y,INFP,1642197,f,n,ESTJ,f,s,n,2021-09-19 16:45:12
1634887,m,y,INFP,1663349,f,n,INFP,f,s,y,2021-09-21 01:19:14
1662183,m,y,INFP,1321171,f,n,INTP,f,c,n,2021-09-25 22:10:05
1662183,m,y,INFP,1194117,f,n,ESFP,f,c,n,2021-09-24 04:30:55
1655870,m,y,ESFP,1664971,f,n,INFJ,f,c,y,2021-09-27 09:05:35
480393,m,y,ENTP,1664971,f,n,INFJ,f,c,y,2021-09-24 08:17:24
1668500,m,y,ESFJ,1668464,f,n,ISFP,f,c,y,2021-09-26 14:07:05
1669415,m,y,ENFJ,1668464,f,n,ISFP,f,c,y,2021-09-27 23:38:18
1396500,m,y,ENFP,1643180,f,n,INFP,f,c,y,2021-09-25 21:51:31
499063,f,y,INFP,1156392,m,n,ENFJ,f,s,y,2021-09-17 08:09:42
499063,f,y,INFP,1653214,m,n,ENFP,f,s,y,2021-09-09 16:35:30
499063,f,y,INFP,749631,m,n,ISFJ,f,s,y,2021-09-18 09:32:46
499063,f,y,INFP,1646118,m,n,INFJ,f,s,y,2021-09-13 15:20:18
499063,f,y,INFP,1608523,m,n,ENTJ,f,s,y,2021-09-19 07:52:11
1441154,m,y,ESTJ,1181708,f,n,ISTJ,f,c,n,2021-09-23 23:47:25
1662911,m,y,ISFJ,1627932,f,n,ISTP,f,c,y,2021-09-23 10:39:10
1662911,m,y,ISFJ,1567687,f,n,INTJ,f,c,y,2021-09-23 10:40:27
1601675,m,y,INTJ,1342904,f,n,ENTJ,f,c,y,2021-09-23 17:15:03
1019884,m,y,INTP,1342904,f,n,ENTJ,f,c,y,2021-09-23 23:13:11
1501913,m,y,INFP,1570391,f,n,ESFP,f,c,y,2021-09-24 20:10:58
1318439,f,y,ESTJ,1305769,m,n,ISFJ,f,s,y,2021-09-19 08:05:51
1318439,f,y,ESTJ,546685,m,n,INFJ,f,s,n,2021-09-26 19:20:07
1318439,f,y,ESTJ,1429564,m,n,ISFJ,f,s,y,2021-09-10 11:46:44
1318439,f,y,ESTJ,828348,m,n,INFP,f,s,y,2021-09-16 22:20:29
1318439,f,y,ESTJ,1304268,m,n,INFP,f,s,y,2021-09-18 18:27:51
1318439,f,y,ESTJ,1519832,m,n,ENFJ,f,s,y,2021-09-07 12:24:43
1318439,f,y,ESTJ,902118,m,n,ENFJ,f,s,y,2021-09-20 08:18:47
1318439,f,y,ESTJ,650587,m,n,ISFP,f,s,y,2021-09-02 16:08:54
1318439,f,y,ESTJ,1503951,m,n,INTJ,f,s,y,2021-09-12 15:53:49
1318439,f,y,ESTJ,1233192,m,n,ENFJ,f,s,n,2021-09-21 16:56:01
1318439,f,y,ESTJ,1587656,m,n,INFP,f,s,y,2021-09-01 12:08:45
1318439,f,y,ESTJ,1614360,m,n,ENFP,f,s,y,2021-09-17 08:06:29
1318439,f,y,ESTJ,1527075,m,n,INFP,f,s,y,2021-09-18 18:30:40
1318439,f,y,ESTJ,1143010,m,n,ISFP,f,s,y,2021-09-12 15:42:10
1318439,f,y,ESTJ,1611293,m,n,ISFP,f,s,y,2021-08-31 19:14:57
1318439,f,y,ESTJ,1551418,m,n,ESFJ,f,s,y,2021-09-21 16:57:23
1318439,f,y,ESTJ,1230396,m,n,ISFJ,f,s,y,2021-09-05 19:59:16
1318439,f,y,ESTJ,1451315,m,n,ESFP,f,s,n,2021-09-28 22:07:45
1318439,f,y,ESTJ,1634143,m,n,INFP,f,s,y,2021-09-23 15:57:49
1318439,f,y,ESTJ,1660666,m,n,ESFJ,f,s,y,2021-09-25 08:13:21
1318439,f,y,ESTJ,1382356,m,n,INFP,f,s,y,2021-09-15 11:55:59
1318439,f,y,ESTJ,898935,m,n,ESTP,f,s,y,2021-09-28 22:02:24
1318439,f,y,ESTJ,1332685,m,n,ISFP,f,s,y,2021-09-21 16:58:04
1318439,f,y,ESTJ,747418,m,n,ENFJ,f,s,y,2021-09-25 08:15:53
1318439,f,y,ESTJ,1113323,m,n,ISTP,f,s,y,2021-09-07 16:07:02
1318439,f,y,ESTJ,1638346,m,n,ISFJ,f,s,y,2021-09-09 08:51:34
1318439,f,y,ESTJ,1055182,m,y,ISFJ,i,s,y,2021-09-21 16:51:10
1318439,f,y,ESTJ,1651791,m,n,ESTJ,f,s,y,2021-09-07 15:21:52
1318439,f,y,ESTJ,1652552,m,n,INFP,f,s,y,2021-09-10 11:55:09
1318439,f,y,ESTJ,478578,m,n,INFJ,f,s,y,2021-09-14 12:04:58
1318439,f,y,ESTJ,1009122,m,n,ISTJ,f,s,y,2021-09-02 12:17:23
1318439,f,y,ESTJ,992047,m,n,ENTJ,f,s,y,2021-09-05 20:08:05
1318439,f,y,ESTJ,875983,m,n,ISFJ,f,s,y,2021-09-20 12:42:43
1318439,f,y,ESTJ,628614,m,n,ISFJ,f,s,y,2021-09-26 19:27:08
1318439,f,y,ESTJ,1004583,m,n,INFP,f,s,y,2021-09-24 12:11:09
1318439,f,y,ESTJ,1050127,m,n,ENFJ,f,s,y,2021-09-09 12:56:25
1318439,f,y,ESTJ,1164325,m,n,INFP,f,s,n,2021-09-25 08:20:40
1318439,f,y,ESTJ,1660003,m,n,ISTJ,f,s,y,2021-09-19 07:03:44
1318439,f,y,ESTJ,1020466,m,n,INTP,f,s,y,2021-09-12 15:57:04
1318439,f,y,ESTJ,1604210,m,n,ISFJ,f,s,n,2021-09-04 08:19:50
1318439,f,y,ESTJ,1213466,m,n,INFP,f,s,y,2021-09-12 15:49:39
1318439,f,y,ESTJ,1614142,m,n,ESFJ,f,s,y,2021-09-02 12:14:24
1318439,f,y,ESTJ,1640753,m,n,INFJ,f,s,n,2021-09-07 16:08:01
1318439,f,y,ESTJ,821028,m,n,ENTJ,f,s,y,2021-09-01 12:05:30
1318439,f,y,ESTJ,1261141,m,n,ESTP,f,s,y,2021-09-10 11:47:29
1318439,f,y,ESTJ,1347081,m,n,ENTJ,f,s,y,2021-09-08 16:33:31
1318439,f,y,ESTJ,1446080,m,n,ENFJ,f,s,y,2021-09-26 16:18:42
1318439,f,y,ESTJ,562157,m,n,ISTP,f,s,y,2021-09-04 08:13:17
1318439,f,y,ESTJ,1282115,m,n,ISFP,f,s,y,2021-09-05 20:01:15
1318439,f,y,ESTJ,863232,m,n,ISTJ,f,s,y,2021-09-05 20:08:54
1318439,f,y,ESTJ,1620380,m,n,ENFP,f,s,y,2021-09-27 21:50:46
1318439,f,y,ESTJ,340554,m,n,INTP,f,s,y,2021-09-15 09:56:58
1318439,f,y,ESTJ,1663140,m,y,ISFJ,i,s,y,2021-09-20 08:15:03
1318439,f,y,ESTJ,691016,m,n,ENFJ,f,s,y,2021-09-28 21:43:45
1318439,f,y,ESTJ,1314987,m,n,INTP,f,s,y,2021-09-04 08:09:33
1318439,f,y,ESTJ,1623486,m,n,INFJ,f,s,n,2021-09-24 12:21:13
1318439,f,y,ESTJ,1415022,m,n,ISTP,f,s,y,2021-09-08 11:58:13
1318439,f,y,ESTJ,1578932,m,n,INFP,f,s,y,2021-09-23 12:29:35
1318439,f,y,ESTJ,1660045,m,n,INFP,f,s,y,2021-09-28 16:07:21
1318439,f,y,ESTJ,1656529,m,n,INFJ,f,s,y,2021-09-12 10:47:18
1318439,f,y,ESTJ,1468282,m,n,ISTP,f,s,y,2021-09-18 18:36:59
1318439,f,y,ESTJ,1534564,m,n,INFJ,f,s,y,2021-09-10 11:55:29
1318439,f,y,ESTJ,570121,m,n,ISFJ,f,s,y,2021-09-15 11:55:22
1318439,f,y,ESTJ,793665,m,n,ISFP,f,s,y,2021-09-07 12:16:17
1318439,f,y,ESTJ,685091,m,n,INFJ,f,s,y,2021-09-12 06:53:47
1318439,f,y,ESTJ,739828,m,n,ISFJ,f,s,y,2021-09-12 10:49:47
1318439,f,y,ESTJ,1483978,m,n,ENFJ,f,s,y,2021-09-12 15:52:17
1318439,f,y,ESTJ,1447694,m,n,ESFJ,f,s,y,2021-09-04 08:21:59
1318439,f,y,ESTJ,1493591,m,n,ENTJ,f,s,y,2021-09-14 12:02:56
1318439,f,y,ESTJ,1128765,m,n,ESFJ,f,s,n,2021-09-25 08:16:44
1318439,f,y,ESTJ,1002468,m,n,ENFJ,f,s,y,2021-09-08 16:20:31
1318439,f,y,ESTJ,1333730,m,n,INFJ,f,s,y,2021-09-19 08:15:49
1318439,f,y,ESTJ,1647719,m,n,INTP,f,s,y,2021-09-09 12:57:00
1318439,f,y,ESTJ,1619829,m,n,ISFJ,f,s,y,2021-09-26 16:19:09
1318439,f,y,ESTJ,1223756,m,n,INTJ,f,s,y,2021-09-23 12:30:15
1318439,f,y,ESTJ,1593189,m,n,ENTJ,f,s,y,2021-09-20 08:07:13
1318439,f,y,ESTJ,1628131,m,n,ISFP,f,s,y,2021-09-02 16:09:10
1318439,f,y,ESTJ,1656930,m,n,ENFJ,f,s,y,2021-09-19 07:44:08
1318439,f,y,ESTJ,1178565,m,n,INFP,f,s,y,2021-09-21 15:42:23
1318439,f,y,ESTJ,1365442,m,n,ISFP,f,s,y,2021-09-01 12:05:01
1318439,f,y,ESTJ,370963,m,n,ISTP,f,s,y,2021-09-07 12:24:10
1318439,f,y,ESTJ,1571717,m,n,ISFP,f,s,n,2021-09-29 16:08:53
1318439,f,y,ESTJ,1111457,m,n,ENFJ,f,s,y,2021-09-01 12:17:03
1656300,m,y,INTP,1464014,f,n,INFP,f,s,y,2021-09-11 20:48:33
860529,m,y,INFP,1464014,f,n,INFP,f,c,y,2021-09-25 19:13:00
860529,m,y,INFP,767125,f,n,INFP,f,c,y,2021-09-25 19:13:26
1664523,m,y,INFP,1464014,f,n,INFP,f,s,y,2021-09-22 21:42:14
1553781,m,y,INFP,1464014,f,n,INFP,f,c,y,2021-09-26 01:32:05
1420223,m,y,ISTP,1641024,f,y,ESFJ,i,s,y,2021-08-23 00:39:23
1634070,m,y,ISTJ,1641024,f,n,ESFJ,f,s,y,2021-09-12 14:22:35
1634070,m,y,ISTJ,1638697,f,n,INFP,f,s,y,2021-09-12 14:19:18
1594479,m,y,ENFP,1383571,f,n,INFJ,f,s,y,2021-09-21 20:40:40
1594479,m,y,ENFP,1606370,f,n,ESTJ,f,s,y,2021-09-21 22:02:48
1545768,f,y,INFP,1647450,m,n,INFP,f,s,y,2021-09-04 15:54:34
1545768,f,y,INFP,935959,m,n,INFP,f,s,y,2021-09-02 10:32:10
1545768,f,y,INFP,419129,m,n,INTP,f,s,y,2021-09-04 15:52:16
1545768,f,y,INFP,1451239,m,n,INFJ,f,c,y,2021-09-26 13:03:40
1545768,f,y,INFP,1596515,m,n,INFP,f,s,y,2021-09-26 08:01:55
1545768,f,y,INFP,1483207,m,n,ISFP,f,s,y,2021-09-26 08:12:22
1545768,f,y,INFP,1202725,m,n,INFP,f,c,y,2021-09-26 08:33:01
1545768,f,y,INFP,1667445,m,n,ISFP,f,s,y,2021-09-25 16:36:15
1545768,f,y,INFP,885540,m,n,INFJ,f,c,y,2021-09-26 08:30:57
634943,m,y,INFP,419954,f,n,INFP,f,s,y,2021-09-20 18:08:08
875363,m,y,ISTP,419954,f,n,INFP,f,c,y,2021-09-28 22:03:01
1543513,m,y,ENFP,1179282,f,n,ESTJ,f,s,n,2021-09-10 05:35:36
1543513,m,y,ENFP,1649258,f,n,INFP,f,s,y,2021-09-10 05:27:26
1601870,m,y,ISFP,1179282,f,n,ESTJ,f,s,n,2021-09-06 01:19:13
1601870,m,y,ISFP,938926,f,n,ISFJ,f,s,y,2021-09-06 01:02:35
1601870,m,y,ISFP,1247207,f,n,INFP,f,s,y,2021-09-06 01:04:18
1639692,m,y,ESTJ,1615518,f,n,ISFP,f,s,y,2021-09-16 20:08:24
1639692,m,y,ESTJ,1667386,f,n,INFP,f,s,y,2021-09-25 11:12:57
1639692,m,y,ESTJ,1664396,f,n,ESFP,f,s,y,2021-09-21 17:54:51
1639692,m,y,ESTJ,1659103,f,y,ENFP,i,s,y,2021-09-15 07:25:39
1639692,m,y,ESTJ,1661661,f,y,ENFP,i,s,y,2021-09-20 20:33:06
1639692,m,y,ESTJ,1402993,f,n,ISFP,f,s,y,2021-09-20 20:55:10
1666080,m,y,ESFP,912114,f,n,INFP,f,s,n,2021-09-23 15:33:17
1666080,m,y,ESFP,1654611,f,n,ISTP,f,s,y,2021-09-23 16:04:13
1666080,m,y,ESFP,1429511,f,n,ISTJ,f,s,n,2021-09-23 17:04:49
1666080,m,y,ESFP,1326606,f,n,ISFJ,f,s,y,2021-09-23 16:08:15
1666080,m,y,ESFP,1660172,f,n,ESFJ,f,s,y,2021-09-23 16:28:14
1666080,m,y,ESFP,1078380,f,n,ISTJ,f,s,y,2021-09-23 16:41:11
1666080,m,y,ESFP,1147766,f,n,ENFJ,f,s,y,2021-09-23 16:50:01
1666080,m,y,ESFP,256777,f,n,INFP,f,s,n,2021-09-23 17:00:03
1666080,m,y,ESFP,482791,f,n,ISFJ,f,s,y,2021-09-23 16:14:15
1666080,m,y,ESFP,899990,f,n,ISFJ,f,s,n,2021-09-23 16:44:32
1666080,m,y,ESFP,1446419,f,n,ENFP,f,s,y,2021-09-23 15:24:17
1666080,m,y,ESFP,1271286,f,n,ESFJ,f,s,y,2021-09-23 15:50:33
1666080,m,y,ESFP,1523213,f,n,ISFP,f,s,n,2021-09-23 17:02:17
1666080,m,y,ESFP,1347256,f,n,ISFP,f,s,y,2021-09-23 16:53:27
1666080,m,y,ESFP,1448587,f,n,ENTP,f,s,y,2021-09-23 16:15:24
1655386,m,y,ENFJ,912114,f,n,INFP,f,s,n,2021-09-10 11:50:00
1664578,m,y,INFP,1626975,f,n,INFP,f,c,y,2021-09-23 08:44:59
1664578,m,y,INFP,1665175,f,n,ISFJ,f,s,y,2021-09-23 21:30:05
1664578,m,y,INFP,1422870,f,n,INFP,f,s,y,2021-09-23 21:38:40
1664744,m,y,ENFJ,1626975,f,n,INFP,f,s,y,2021-09-23 00:16:07
1491522,m,y,INTP,1626975,f,n,INFP,f,s,y,2021-09-09 20:56:00
1491522,m,y,INTP,1642606,f,n,ESFP,f,s,y,2021-09-06 19:31:23
1593295,m,y,ENFP,1615404,f,n,ESTJ,f,s,y,2021-09-16 18:30:43
1649361,m,y,INFJ,1615404,f,n,ESTJ,f,c,y,2021-09-26 16:46:15
598634,m,y,INFJ,1615404,f,n,ESTJ,f,c,y,2021-09-26 22:03:20
598634,m,y,INFJ,1645288,f,n,INFP,f,c,y,2021-09-24 14:58:39
598634,m,y,INFJ,1669930,f,n,ENFP,f,c,y,2021-09-28 16:30:39
598634,m,y,INFJ,1667944,f,n,ISFJ,f,c,y,2021-09-28 08:27:55
1667247,m,y,INFJ,1615404,f,n,ESTJ,f,c,y,2021-09-25 11:07:15
1667247,m,y,INFJ,1661700,f,n,ESTP,f,c,y,2021-09-25 11:29:28
181837,m,y,ENTP,1615404,f,n,ESTJ,f,c,y,2021-09-23 21:14:45
1489479,m,y,INFP,1615404,f,n,ESTJ,f,c,y,2021-09-23 12:20:17
1644407,m,y,ENFJ,1615404,f,n,ESTJ,f,s,y,2021-09-23 07:27:35
1644407,m,y,ENFJ,1345469,f,n,INFJ,f,s,y,2021-09-16 13:26:30
1038044,m,y,ISTP,1615404,f,n,ESTJ,f,c,y,2021-09-26 23:47:51
419780,m,y,INFJ,1615404,f,n,ESTJ,f,c,y,2021-09-26 23:39:39
1660930,m,y,ENFJ,1615404,f,n,ESTJ,f,s,y,2021-09-24 17:26:42
1356223,m,y,ENFJ,1615404,f,n,ESTJ,f,c,y,2021-09-24 22:12:18
1644627,m,y,INFP,1615404,f,n,ESTJ,f,s,y,2021-09-19 10:47:20
1644627,m,y,INFP,1439226,f,n,ESFP,f,c,y,2021-09-24 20:02:51
1510441,m,y,INFP,1615404,f,n,ESTJ,f,c,y,2021-09-23 22:45:24
1644675,m,y,INFP,1615404,f,n,ESTJ,f,s,y,2021-09-22 14:05:49
1644675,m,y,INFP,1475112,f,n,ENFJ,f,s,y,2021-09-10 20:32:47
939024,m,y,ESTP,1615404,f,n,ESTJ,f,c,y,2021-09-23 07:22:18
1029878,m,y,ENFP,1310402,f,n,ISFP,f,s,y,2021-09-19 14:00:02
1029878,m,y,ENFP,1393502,f,n,ENFJ,f,s,y,2021-09-19 12:00:21
1029878,m,y,ENFP,1670124,f,n,ENFP,f,c,y,2021-09-28 22:48:21
1566011,m,y,ISFP,1310402,f,n,ISFP,f,c,y,2021-09-28 07:15:03
1666543,m,y,ISFP,1549199,f,n,ENFP,f,c,y,2021-09-24 01:18:44
1666543,m,y,ISFP,1648284,f,n,ISTJ,f,c,y,2021-09-24 01:11:57
1660881,f,y,ISFP,1559777,m,y,ENTJ,i,s,y,2021-09-17 03:17:59
1660881,f,y,ISFP,1651682,m,n,INFP,f,s,y,2021-09-17 03:19:33
1660881,f,y,ISFP,1649519,m,y,ENFJ,i,s,y,2021-09-17 03:21:53
1660881,f,y,ISFP,1594526,m,n,ENFJ,f,s,y,2021-09-17 03:22:43
1660881,f,y,ISFP,1597420,m,n,ENFP,f,s,y,2021-09-17 03:17:33
1660881,f,y,ISFP,1090355,m,n,ISFJ,f,s,y,2021-09-17 03:22:21
1641895,f,y,INFP,1559777,m,n,ENTJ,f,s,y,2021-09-03 08:20:26
1641895,f,y,INFP,1238578,m,n,INFJ,f,s,y,2021-09-05 01:29:40
1641895,f,y,INFP,1506547,m,n,INFJ,f,s,y,2021-09-04 10:34:41
1641895,f,y,INFP,1648580,m,n,ISFP,f,s,y,2021-09-04 15:52:00
1641895,f,y,INFP,1096900,m,n,ISTJ,f,s,y,2021-09-10 18:22:17
1641895,f,y,INFP,1649519,m,n,ENFJ,f,s,y,2021-09-04 12:28:31
1641895,f,y,INFP,1504618,m,n,ENFJ,f,s,y,2021-09-21 20:17:43
1641895,f,y,INFP,1653711,m,n,INFJ,f,s,y,2021-09-10 18:22:00
1641895,f,y,INFP,1239054,m,n,INFJ,f,s,y,2021-09-04 16:40:33
1641895,f,y,INFP,1069374,m,n,INTP,f,s,y,2021-09-05 13:59:53
1641895,f,y,INFP,804320,m,n,ENFJ,f,s,y,2021-09-04 19:46:14
1641895,f,y,INFP,1666199,m,n,ISTP,f,c,y,2021-09-25 12:07:06
1641895,f,y,INFP,1649876,m,n,ESFJ,f,s,y,2021-09-03 09:49:06
1641895,f,y,INFP,1652780,m,n,ENTJ,f,s,y,2021-09-06 21:29:45
1641895,f,y,INFP,1580874,m,n,ENFJ,f,s,y,2021-09-04 15:45:20
1641895,f,y,INFP,1650549,m,n,ISTJ,f,s,y,2021-09-04 17:36:22
1641895,f,y,INFP,1521765,m,n,ENFJ,f,s,y,2021-09-04 10:13:34
1641895,f,y,INFP,152317,m,n,ENFP,f,s,y,2021-09-20 13:08:33
1641895,f,y,INFP,1669200,m,n,ISFP,f,s,y,2021-09-27 16:48:05
1641895,f,y,INFP,1655835,m,n,INFJ,f,s,y,2021-09-11 00:52:21
955091,m,y,INFP,1665546,f,n,INFP,f,c,n,2021-09-23 15:53:22
1378292,m,y,ISFP,1665546,f,n,INFP,f,c,y,2021-09-23 12:27:51
1378292,m,y,ISFP,1643407,f,n,ISFP,f,c,y,2021-09-23 10:51:59
1034383,m,y,ESFP,1665546,f,n,INFP,f,c,y,2021-09-23 15:22:18
1645395,m,y,ESTJ,1667386,f,n,INFP,f,c,y,2021-09-28 11:37:09
1583299,m,y,ENFP,1497474,f,n,ISFJ,f,s,y,2021-09-17 09:33:17
1583299,m,y,ENFP,1583267,f,n,ISFP,f,s,n,2021-09-18 01:25:45
1583299,m,y,ENFP,1456754,f,n,ESFJ,f,s,y,2021-09-18 00:57:29
1583299,m,y,ENFP,1661578,f,n,INTP,f,s,y,2021-09-18 09:20:18
1583299,m,y,ENFP,1588772,f,n,INTP,f,s,y,2021-09-11 10:24:27
1583299,m,y,ENFP,857892,f,n,ISTP,f,s,y,2021-09-18 01:01:14
1583299,m,y,ENFP,1437404,f,n,INFJ,f,s,y,2021-09-18 01:24:00
1583299,m,y,ENFP,731362,f,n,ISTP,f,s,y,2021-09-19 11:40:42
1583299,m,y,ENFP,1569432,f,n,ISFP,f,s,y,2021-09-27 17:38:23
1583299,m,y,ENFP,1661994,f,n,INFP,f,s,y,2021-09-18 23:25:25
1583299,m,y,ENFP,1652388,f,n,ISFP,f,s,y,2021-09-06 08:01:04
1583299,m,y,ENFP,1656287,f,n,ENFJ,f,s,n,2021-09-13 22:59:15
1583299,m,y,ENFP,1633701,f,n,INTP,f,s,y,2021-09-15 18:22:57
1583299,m,y,ENFP,1659717,f,n,INFJ,f,s,y,2021-09-17 09:25:47
1583299,m,y,ENFP,1589566,f,n,INFP,f,s,n,2021-09-18 01:17:51
1311994,m,y,INFJ,1497474,f,n,ISFJ,f,c,n,2021-09-24 21:47:08
1666969,m,y,ENTJ,1511196,f,n,ENFJ,f,s,y,2021-09-26 16:10:22
1666969,m,y,ENTJ,1664712,f,n,ISFP,f,s,y,2021-09-29 09:35:47
1666969,m,y,ENTJ,1638697,f,n,INFP,f,s,y,2021-09-26 10:19:42
1666969,m,y,ENTJ,408002,f,n,INFP,f,s,y,2021-09-29 20:52:44
1666969,m,y,ENTJ,1566691,f,n,ISTJ,f,c,y,2021-09-25 20:28:46
1416160,m,y,ISFP,1232806,f,n,ENFJ,f,s,y,2021-09-20 14:50:55
1539184,m,y,ESFJ,1232806,f,n,ENFJ,f,s,y,2021-09-17 22:03:45
1554170,m,y,INTJ,1579869,f,n,ISFP,f,s,y,2021-09-20 06:49:47
1530319,m,y,INFP,1624760,f,n,ESFP,f,s,y,2021-09-28 13:38:49
1530020,m,y,INFJ,1569496,f,n,ENFP,f,c,n,2021-09-24 17:40:32
1133830,m,y,ISFP,1451511,f,n,ESFJ,f,c,y,2021-09-28 21:57:40
1516608,m,y,ENTP,1589500,f,n,INFP,f,s,y,2021-09-17 14:25:10
1664126,m,y,INFJ,1486068,f,n,INFJ,f,c,y,2021-09-27 08:43:30
1549586,m,y,INFJ,777964,f,n,INTP,f,s,y,2021-09-25 20:35:48
1549586,m,y,INFJ,533260,f,n,ENTJ,f,s,y,2021-09-24 22:26:18
1549586,m,y,INFJ,1664606,f,y,INFP,i,s,y,2021-09-22 23:15:46
1643513,m,y,INFP,777964,f,n,INTP,f,s,y,2021-09-02 23:02:20
1643513,m,y,INFP,1637182,f,n,INFP,f,s,y,2021-09-01 06:19:05
1643513,m,y,INFP,1651751,f,n,ENFJ,f,s,y,2021-09-05 14:18:17
1646493,m,y,ENTJ,777964,f,n,INTP,f,s,y,2021-09-04 13:51:01
1646493,m,y,ENTJ,1649821,f,n,ISFJ,f,s,y,2021-09-02 23:28:50
1646493,m,y,ENTJ,1028973,f,n,ISFP,f,s,y,2021-09-05 21:26:23
1646493,m,y,ENTJ,1412650,f,n,ISFJ,f,s,y,2021-09-03 19:56:07
1465689,m,y,ESFP,1374589,f,n,ISFP,f,c,n,2021-09-25 19:25:55
1465689,m,y,ESFP,1429511,f,n,ISTJ,f,c,n,2021-09-25 19:49:19
1465689,m,y,ESFP,1326607,f,n,ESFJ,f,s,n,2021-09-25 21:10:44
1535664,m,y,ENFP,1656242,f,n,ENFJ,f,s,y,2021-09-27 11:11:32
1535664,m,y,ENFP,1274814,f,n,ENFJ,f,s,y,2021-09-10 13:11:58
1535664,m,y,ENFP,634886,f,n,INFP,f,s,n,2021-09-06 18:48:34
1001393,m,y,INTP,1656242,f,n,ENFJ,f,s,y,2021-09-11 14:41:40
1649890,m,y,ENFP,1574144,f,n,ENTP,f,s,y,2021-09-10 18:03:42
1649890,m,y,ENFP,1478131,f,n,ISTP,f,s,y,2021-09-04 23:09:39
1649890,m,y,ENFP,310262,f,n,ISFP,f,s,y,2021-09-05 14:47:52
1663101,m,y,INFP,1574144,f,n,ENTP,f,s,y,2021-09-28 19:47:28
1663101,m,y,INFP,1302306,f,n,ENTP,f,c,y,2021-09-28 19:59:54
1646140,m,y,INFP,1574144,f,n,ENTP,f,s,y,2021-09-07 22:41:32
1660945,m,y,ESFP,1574144,f,n,ENTP,f,s,y,2021-09-20 16:29:08
1591951,m,y,INFP,1574144,f,n,ENTP,f,c,y,2021-09-29 22:18:24
1105498,m,y,INFP,1545431,f,n,ESFP,f,s,n,2021-09-22 08:12:24
1105498,m,y,INFP,1663616,f,n,ESFP,f,s,y,2021-09-22 08:08:48
1469860,m,y,INFP,1660541,f,n,INFJ,f,c,y,2021-09-29 01:13:20
627682,m,y,INFJ,1669210,f,n,ISTP,f,s,y,2021-09-27 11:51:42
1019788,m,y,INFP,1498096,f,n,ENTJ,f,c,n,2021-09-27 23:22:06
1019788,m,y,INFP,1637182,f,n,INFP,f,c,y,2021-09-29 18:02:05
1663710,m,y,INFJ,1071386,f,n,ENFP,f,c,n,2021-09-29 06:06:08
1109518,m,y,ESTJ,1071386,f,n,ENFP,f,c,n,2021-09-27 14:52:11
1109518,m,y,ESTJ,1008508,f,n,ESTJ,f,c,y,2021-09-26 21:20:39
1109518,m,y,ESTJ,1036593,f,n,INTP,f,c,y,2021-09-23 20:48:41
1109518,m,y,ESTJ,1655501,f,n,ESFJ,f,c,y,2021-09-26 21:34:25
1109518,m,y,ESTJ,1619351,f,n,INFP,f,c,n,2021-09-29 22:54:19
1109518,m,y,ESTJ,1580700,f,n,ESTJ,f,c,y,2021-09-24 21:39:53
1656873,m,y,INFP,1534696,f,n,INFP,f,c,n,2021-09-28 15:52:41
1656873,m,y,INFP,1290795,f,n,ISTJ,f,s,y,2021-09-15 17:05:38
1656873,m,y,INFP,1589203,f,y,ESFP,i,s,y,2021-09-16 23:02:48
1417861,m,y,ISTP,1664396,f,n,ESFP,f,s,y,2021-09-23 01:15:29
950894,m,y,ENFP,1662325,f,n,INFP,f,c,y,2021-09-28 12:47:26
950894,m,y,ENFP,1487902,f,n,INFP,f,s,n,2021-09-27 22:06:14
950894,m,y,ENFP,1653240,f,n,ISTP,f,s,y,2021-09-27 21:52:44
950894,m,y,ENFP,1659969,f,n,ENFJ,f,s,y,2021-09-28 12:46:05
1591979,m,y,INFP,1008508,f,n,ESTJ,f,s,y,2021-09-02 18:52:15
1512158,m,y,ENFP,1644344,f,n,ENFP,f,s,y,2021-09-02 20:10:16
1512158,m,y,ENFP,1663287,f,n,INFP,f,s,y,2021-09-22 06:04:37
1512158,m,y,ENFP,1666878,f,n,ESFP,f,s,y,2021-09-24 21:54:25
1666874,m,y,INFP,1668656,f,n,ISFJ,f,c,y,2021-09-29 12:05:49
1666874,m,y,INFP,1214515,f,n,ISFP,f,s,y,2021-09-27 19:14:12
1666874,m,y,INFP,1647862,f,n,ESTP,f,s,y,2021-09-29 08:36:24
1484519,m,y,ISFP,1668656,f,n,ISFJ,f,c,y,2021-09-26 23:07:55
1484519,m,y,ISFP,1666878,f,n,ESFP,f,c,y,2021-09-24 16:25:40
1659410,f,y,ISFP,1634188,m,n,ENFP,f,c,y,2021-09-26 09:40:20
1661492,m,y,INFP,1651318,f,n,ENFJ,f,s,y,2021-09-20 22:57:21
1661492,m,y,INFP,1111654,f,n,INFP,f,s,y,2021-09-23 10:52:37
1664767,m,y,INFJ,1641384,f,n,ISTP,f,c,y,2021-09-28 22:57:19
1664767,m,y,INFJ,1348723,f,n,ENFP,f,s,y,2021-09-22 01:37:23
1617830,m,y,ISTP,1641384,f,n,ISTP,f,s,y,2021-09-27 20:23:23
1617830,m,y,ISTP,1130360,f,n,ISTJ,f,s,y,2021-08-31 12:09:22
996821,m,y,ISFJ,1264965,f,n,ISFJ,f,s,y,2021-09-02 23:24:06
1498204,m,y,INFP,1264965,f,n,ISFJ,f,s,y,2021-09-19 23:18:51
1498204,m,y,INFP,1387728,f,n,ENTP,f,s,n,2021-09-26 22:29:01
1498204,m,y,INFP,1613650,f,n,ISFP,f,s,y,2021-08-31 23:53:20
1662593,m,y,INFJ,840348,f,n,ENFJ,f,s,y,2021-09-19 21:21:29
1604103,m,y,INFP,840348,f,n,ENFJ,f,c,y,2021-09-26 07:43:44
1604103,m,y,INFP,1522635,f,n,ENTP,f,c,y,2021-09-27 23:42:48
1604103,m,y,INFP,1574128,f,n,INTP,f,c,y,2021-09-26 06:27:49
1604103,m,y,INFP,1347455,f,n,ISTP,f,c,y,2021-09-25 00:20:57
1604103,m,y,INFP,714909,f,n,ISFP,f,c,y,2021-09-27 15:08:46
886003,m,y,INFP,1378013,f,n,INFJ,f,c,n,2021-09-28 01:28:18
1667190,m,y,ENFJ,1571670,f,n,ENFJ,f,c,y,2021-09-26 15:35:09
1662685,m,y,INFJ,1442186,f,n,ESTP,f,c,y,2021-09-26 10:50:03
1662685,m,y,INFJ,1302306,f,n,ENTP,f,s,y,2021-09-29 00:44:04
1662685,m,y,INFJ,1593432,f,n,INFP,f,s,y,2021-09-26 10:42:32
1479742,m,y,INFP,1546491,f,n,ISFP,f,s,y,2021-09-07 23:47:11
1297037,m,y,ENFJ,1546491,f,n,ISFP,f,c,n,2021-09-29 21:41:26
1659220,m,y,INFJ,1566248,f,n,ENFP,f,c,y,2021-09-23 20:14:30
1602747,m,y,INFJ,1566248,f,n,ENFP,f,c,y,2021-09-23 18:17:47
1661120,m,y,INTJ,1576608,f,n,INTP,f,c,y,2021-09-24 00:35:26
1661120,m,y,INTJ,1602318,f,n,INFP,f,c,y,2021-09-24 20:42:59
1661120,m,y,INTJ,1621554,f,n,INFP,f,c,y,2021-09-24 09:29:04
1661120,m,y,INTJ,1583339,f,n,INFP,f,c,y,2021-09-28 15:12:33
1651010,m,y,ISFJ,1127997,f,n,ESFJ,f,c,n,2021-09-28 07:02:29
1651010,m,y,ISFJ,1476833,f,n,ENFJ,f,c,n,2021-09-28 06:53:38
1651010,m,y,ISFJ,991609,f,n,ISFP,f,s,n,2021-09-27 23:43:11
863834,m,y,INFJ,1664788,f,n,INTJ,f,s,y,2021-09-22 20:01:16
863834,m,y,INFJ,1669697,f,n,ISFJ,f,s,y,2021-09-27 23:45:27
863834,m,y,INFJ,1653240,f,n,ISTP,f,s,y,2021-09-07 12:31:00
838795,m,y,ISFP,1664788,f,n,INTJ,f,s,n,2021-09-23 00:57:24
1244319,m,y,ENTP,1664712,f,n,ISFP,f,s,y,2021-09-24 08:06:16
1670359,m,y,ENFJ,1664712,f,n,ISFP,f,c,y,2021-09-28 22:41:18
1631431,m,y,INFP,1664712,f,n,ISFP,f,c,y,2021-09-26 13:29:57
1669145,m,y,INFJ,1664712,f,n,ISFP,f,s,y,2021-09-27 03:48:52
1124444,m,y,ENTJ,1664712,f,n,ISFP,f,c,y,2021-09-25 01:30:02
1628292,m,y,ISTJ,1664712,f,n,ISFP,f,s,y,2021-09-29 22:09:59
1613194,m,y,ISFP,1664712,f,n,ISFP,f,c,y,2021-09-26 23:17:12
1613194,m,y,ISFP,1660881,f,n,ISFP,f,c,y,2021-09-26 22:13:36
1627284,m,y,INFJ,1664712,f,n,ISFP,f,c,y,2021-09-23 09:41:07
1571261,m,y,INFP,1664712,f,n,ISFP,f,c,y,2021-09-24 23:31:11
1571261,m,y,INFP,1637201,f,n,INFP,f,c,y,2021-09-25 00:16:20
1622657,m,y,INFP,1659103,f,n,ENFP,f,s,y,2021-09-14 23:37:46
1550527,m,y,INTJ,1335540,f,n,ISFJ,f,c,n,2021-09-28 07:00:01
1532430,m,y,ISFP,1526299,f,n,ESTP,f,c,n,2021-09-28 13:28:26
1532430,m,y,ISFP,1623535,f,n,INFJ,f,c,n,2021-09-28 17:52:36
1532430,m,y,ISFP,1670095,f,n,ENTP,f,c,y,2021-09-28 12:10:29
1661825,m,y,INTJ,1640082,f,n,ESFP,f,c,y,2021-09-27 12:49:59
1670562,m,y,ENTP,1515741,f,n,ENTJ,f,s,n,2021-09-29 10:42:02
1670562,m,y,ENTP,1619103,f,n,ESFP,f,s,n,2021-09-29 15:30:11
1670562,m,y,ENTP,1621554,f,n,INFP,f,s,y,2021-09-29 10:38:06
1670562,m,y,ENTP,1629474,f,n,ENFJ,f,s,n,2021-09-29 15:24:41
1614039,m,y,INFP,1131838,f,y,INTJ,f,s,y,2021-08-31 20:19:04
1544900,m,y,ISFJ,1490420,f,n,ISFJ,f,s,y,2021-09-19 06:46:07
1057870,m,y,ENFP,1490420,f,n,ISFJ,f,s,y,2021-09-04 07:39:25
1589188,f,y,INTP,1487098,m,n,INFJ,f,s,y,2021-08-31 22:53:09
1414122,m,y,ISFP,1671050,f,n,ENFP,f,c,y,2021-09-29 22:14:32
1631835,m,y,ENTJ,1607910,f,n,ISFJ,f,s,y,2021-09-06 07:54:32
1609815,m,y,ISTJ,1654611,f,n,ISTP,f,s,y,2021-09-16 11:46:33
1609815,m,y,ISTJ,938926,f,n,ISFJ,f,s,y,2021-09-01 00:39:56
1609815,m,y,ISTJ,1660172,f,n,ESFJ,f,s,y,2021-09-16 13:43:48
1609815,m,y,ISTJ,803772,f,n,ENTP,f,s,y,2021-09-17 14:18:15
1609815,m,y,ISTJ,1299118,f,n,ENTJ,f,s,y,2021-09-17 10:59:01
1609815,m,y,ISTJ,1493035,f,n,INTP,f,s,y,2021-09-16 11:22:49
1609815,m,y,ISTJ,1613650,f,n,ISFP,f,s,y,2021-09-16 11:30:09
1609815,m,y,ISTJ,1536737,f,n,ESTP,f,s,n,2021-09-16 14:25:17
1609815,m,y,ISTJ,1194117,f,n,ESFP,f,s,y,2021-09-16 11:35:08
1609815,m,y,ISTJ,1615210,f,n,ISFP,f,s,y,2021-09-02 19:46:00
1609815,m,y,ISTJ,799123,f,n,ISFP,f,s,n,2021-09-17 10:58:17
1609815,m,y,ISTJ,1114351,f,n,ISFP,f,s,y,2021-09-08 21:34:20
716166,m,y,ISFJ,1664973,f,n,ENTJ,f,c,y,2021-09-23 18:47:27
1643463,m,y,ISFJ,1590048,f,n,ENTJ,f,s,y,2021-08-31 21:30:42
1643463,m,y,ISFJ,1533027,f,n,ESFP,f,s,y,2021-08-31 21:46:12
1643463,m,y,ISFJ,1409709,f,n,ISFP,f,s,y,2021-08-31 21:27:23
1643463,m,y,ISFJ,1589223,f,n,INFP,f,s,y,2021-08-31 21:53:26
1647173,m,y,ENFP,1439226,f,n,ESFP,f,s,y,2021-09-05 10:28:00
1340382,m,y,INFP,1439226,f,n,ESFP,f,s,y,2021-09-17 15:42:13
1340382,m,y,INFP,1562539,f,n,ENFP,f,s,y,2021-09-21 15:46:16
1340382,m,y,INFP,1579551,f,n,ESTJ,f,s,y,2021-09-21 19:39:25
1340382,m,y,INFP,1659788,f,n,ISFP,f,s,y,2021-09-18 09:01:13
741298,m,y,INTP,1439226,f,n,ESFP,f,c,y,2021-09-23 20:17:41
1505429,m,y,ISTP,1274814,f,n,ENFJ,f,s,y,2021-09-25 11:04:54
1047607,m,y,INFP,1652654,f,n,ISFJ,f,c,y,2021-09-26 15:44:31
1669737,m,y,INFJ,145209,f,n,ENTP,f,c,y,2021-09-29 06:37:58
1669094,m,y,ENFJ,145209,f,n,ENTP,f,s,y,2021-09-27 01:23:34
1669094,m,y,ENFJ,1562203,f,n,ISFP,f,c,y,2021-09-27 00:16:49
1547086,f,y,INTP,1049725,m,n,ENFJ,f,c,y,2021-09-29 11:06:59
1628407,m,y,ENFP,1467095,f,y,ENTP,i,s,y,2021-09-03 20:44:47
1135161,m,y,ISFJ,1664513,f,n,ENTP,f,c,y,2021-09-29 00:35:05
726567,m,y,ESFJ,1641388,f,n,ESTJ,f,c,n,2021-09-24 22:55:49
1503917,m,y,ESFP,1484630,f,n,INFJ,f,s,n,2021-09-05 13:11:03
1503917,m,y,ESFP,1657658,f,n,ISTJ,f,s,y,2021-09-16 14:12:56
1244628,m,y,INFJ,881931,f,n,ENTP,f,c,y,2021-09-29 13:49:40
1284279,m,y,INFP,746060,f,n,INFJ,f,s,y,2021-09-04 20:15:33
1067161,m,y,INFP,1664047,f,n,ISFP,f,s,y,2021-09-21 10:36:38
796000,m,y,ENFJ,908552,f,y,ISFP,f,s,y,2021-09-25 06:22:29
796000,m,y,ENFJ,1474555,f,n,ISTJ,f,c,y,2021-09-24 22:37:54
1656673,m,y,ENFJ,908552,f,y,ISFP,i,s,y,2021-09-18 12:47:58
1463566,m,y,INFJ,908552,f,n,ISFP,f,c,y,2021-09-23 19:21:45
1439591,m,y,ISFP,1214515,f,n,ISFP,f,c,y,2021-09-23 23:59:21
1439591,m,y,ISFP,547704,f,n,ISFP,f,c,y,2021-09-25 09:18:58
1258994,m,y,INFP,1214515,f,n,ISFP,f,c,y,2021-09-26 03:54:41
1645652,f,y,ISFP,850319,m,n,ESFJ,f,s,y,2021-09-20 13:25:35
962415,m,y,ISTP,1386839,f,n,ISTJ,f,c,y,2021-09-28 10:41:52
867917,m,y,ENFP,1386839,f,n,ISTJ,f,s,y,2021-09-18 22:08:38
1605892,f,y,ISFP,1096409,m,n,INFP,f,c,y,2021-09-29 17:46:29
1667720,m,y,ESFP,1668615,f,n,ENFP,f,c,y,2021-09-26 17:40:56
1667720,m,y,ESFP,1661632,f,n,ESFJ,f,c,y,2021-09-26 10:07:43
1535164,m,y,INFP,1596093,f,n,ESFP,f,c,y,2021-09-27 23:49:15
1667570,m,y,INFP,1596093,f,n,ESFP,f,c,y,2021-09-28 00:01:46
1668823,m,y,ISFP,1666804,f,n,ISFP,f,c,y,2021-09-27 18:19:53
1668823,m,y,ISFP,1582730,f,n,INFJ,f,c,y,2021-09-27 16:20:08
1671064,m,y,ISFP,1375878,f,n,ESFJ,f,s,n,2021-09-30 02:04:27
1650173,f,y,INFP,1514470,m,n,INTP,f,s,y,2021-09-04 01:58:41
1167789,m,y,ESFP,938926,f,n,ISFJ,f,s,y,2021-09-29 19:21:36
1572796,m,y,INFJ,938926,f,n,ISFJ,f,c,y,2021-09-26 18:19:23
1536450,m,y,ENFJ,938926,f,n,ISFJ,f,s,y,2021-09-29 15:03:20
1536450,m,y,ENFJ,1656340,f,n,INFP,f,s,y,2021-09-27 12:58:30
1536450,m,y,ENFJ,1588772,f,n,INTP,f,c,n,2021-09-27 01:04:46
1654749,m,y,ISFP,938926,f,n,ISFJ,f,s,y,2021-09-10 01:37:50
1654749,m,y,ISFP,1653037,f,n,ENFP,f,s,y,2021-09-09 16:56:20
1654749,m,y,ISFP,1542453,f,n,INTJ,f,s,y,2021-09-10 01:50:01
1654749,m,y,ISFP,1065808,f,n,ISFP,f,s,y,2021-09-10 02:22:24
1659335,m,y,INTP,938926,f,n,ISFJ,f,c,y,2021-09-25 10:59:57
1659335,m,y,INTP,1080364,f,n,INFJ,f,s,n,2021-09-15 17:55:23
1094464,m,y,ESFP,938926,f,n,ISFJ,f,s,y,2021-09-28 23:39:41
1094464,m,y,ESFP,658329,f,n,ISFP,f,s,y,2021-09-27 12:18:11
1631455,m,y,INTP,1640261,f,n,INFP,f,c,y,2021-09-28 22:49:56
1631455,m,y,INTP,1504558,f,n,ISFJ,f,s,y,2021-08-31 21:27:14
1291472,m,y,ESTP,1605568,f,n,ISFJ,f,s,y,2021-09-19 23:44:21
1291472,m,y,ESTP,1631685,f,n,INTP,f,s,y,2021-09-04 10:06:35
1194239,m,y,ESFP,1605568,f,n,ISFJ,f,c,y,2021-09-28 01:48:54
1286332,m,y,INFP,1605568,f,n,ISFJ,f,s,y,2021-09-20 11:32:11
1536026,m,y,INFP,1605568,f,n,ISFJ,f,s,y,2021-09-20 13:32:44
1536026,m,y,INFP,658221,f,n,ENTJ,f,s,y,2021-09-24 01:39:47
1536026,m,y,INFP,1526189,f,n,ISFJ,f,s,y,2021-09-24 00:26:33
1536026,m,y,INFP,933397,f,n,INFP,f,s,y,2021-09-24 02:57:00
1536026,m,y,INFP,1655979,f,n,INFP,f,s,y,2021-09-11 01:32:13
1536026,m,y,INFP,1525941,f,n,ENFP,f,s,y,2021-09-16 08:32:39
1640957,m,y,ISFP,1660172,f,n,ESFJ,f,s,y,2021-09-16 14:18:19
1640957,m,y,ISFP,1576650,f,n,ENFJ,f,s,n,2021-09-21 21:07:48
1640957,m,y,ISFP,1629414,f,n,ESFP,f,s,y,2021-09-16 12:49:17
1370725,m,y,ESTJ,1660172,f,n,ESFJ,f,c,y,2021-09-28 11:10:41
1384849,m,y,INFJ,1660172,f,n,ESFJ,f,s,y,2021-09-18 09:15:21
1666389,m,y,INFP,609806,f,n,INFP,f,s,n,2021-09-25 17:27:28
1666389,m,y,INFP,624940,f,n,INTP,f,s,n,2021-09-24 23:58:59
1625151,m,y,INFP,1667365,f,n,INTJ,f,c,y,2021-09-25 19:05:18
1638477,m,y,ESFJ,1613906,f,n,ISFJ,f,c,n,2021-09-27 20:24:11
1286712,f,y,ISFP,1305853,m,n,INFP,f,s,y,2021-09-10 11:13:04
1670196,m,y,ESTP,1666797,f,n,INTJ,f,c,y,2021-09-28 15:45:37
1666815,m,y,ISFP,1666797,f,n,INTJ,f,c,y,2021-09-24 15:29:27
1666815,m,y,ISFP,1562078,f,n,ISFP,f,c,y,2021-09-24 15:41:12
1666815,m,y,ISFP,1621530,f,n,INTP,f,c,y,2021-09-24 15:48:41
1666815,m,y,ISFP,1024044,f,n,INTP,f,c,y,2021-09-24 17:05:39
1667634,f,y,ESFJ,1654462,m,n,ESTJ,f,c,y,2021-09-25 23:39:28
1642981,f,y,ISFJ,1654462,m,y,ESTJ,i,s,y,2021-09-20 22:40:31
1642981,f,y,ISFJ,520136,m,n,ISFJ,f,s,n,2021-09-22 17:53:51
1642981,f,y,ISFJ,406569,m,y,ISFJ,i,s,y,2021-09-23 00:13:54
1642981,f,y,ISFJ,1630751,m,n,ESFJ,f,s,y,2021-09-20 23:28:57
1642981,f,y,ISFJ,1410306,m,y,INFP,i,s,y,2021-09-21 07:55:34
1642981,f,y,ISFJ,875363,m,n,ISTP,f,s,y,2021-09-21 07:58:56
1642981,f,y,ISFJ,486680,m,n,ENFJ,f,s,y,2021-09-23 08:43:44
1514474,m,y,ENTJ,974907,f,n,ISFP,f,s,y,2021-09-25 00:05:55
1520714,m,y,ENFJ,1664807,f,n,ENFJ,f,c,y,2021-09-25 15:00:32
353534,m,y,INFP,1145805,f,n,INFP,f,c,y,2021-09-26 14:36:13
628503,m,y,INFP,1503213,f,n,INFP,f,s,y,2021-09-27 21:55:31
1451621,m,y,INFP,1353650,f,n,INFP,f,c,n,2021-09-29 11:15:35
1045382,m,y,INFP,1488735,f,n,ENTP,f,s,y,2021-09-24 02:26:41
1045382,m,y,INFP,1583439,f,y,ISFP,f,s,y,2021-09-21 13:54:20
1597096,m,y,ENFP,1272269,f,n,ISFP,f,c,y,2021-09-26 19:25:11
1597096,m,y,ENFP,1571201,f,n,ISFP,f,c,y,2021-09-26 19:24:06
1668585,m,y,INFP,1597138,f,n,INFJ,f,c,y,2021-09-27 13:08:46
1510179,m,y,ENTP,1466222,f,n,ISFJ,f,c,y,2021-09-25 22:37:38
1651519,m,y,INFJ,1669754,f,n,INFP,f,c,y,2021-09-28 17:56:14
1670759,m,y,ENFJ,1669754,f,n,INFP,f,c,y,2021-09-29 19:53:45
1229466,m,y,INFP,1669754,f,n,INFP,f,c,y,2021-09-28 00:53:04
1664712,f,y,ISFP,1655521,m,n,INFP,f,c,y,2021-09-24 23:20:43
1664712,f,y,ISFP,1114938,m,n,ENFJ,f,c,y,2021-09-27 06:40:58
1664712,f,y,ISFP,965609,m,n,ISFJ,f,c,y,2021-09-26 19:43:34
1664712,f,y,ISFP,1465689,m,n,ESFP,f,c,y,2021-09-26 00:03:20
1103062,f,y,ISFP,1507855,m,n,ENFP,f,s,y,2021-09-23 13:22:23
1103062,f,y,ISFP,223244,m,n,INFJ,f,s,y,2021-09-27 20:59:08
1103062,f,y,ISFP,1002468,m,n,ENFJ,f,s,y,2021-09-27 06:32:45
1574601,m,y,ENTP,1457133,f,n,ENTP,f,s,y,2021-09-27 11:43:03
1574601,m,y,ENTP,1655696,f,n,INFP,f,s,y,2021-09-10 19:24:50
1574601,m,y,ENTP,1652194,f,n,ESTP,f,s,y,2021-09-06 19:43:07
1449372,m,y,INFP,1457133,f,y,ENTP,i,s,y,2021-09-28 02:29:25
1044915,m,y,INFP,1669697,f,n,ISFJ,f,c,y,2021-09-27 23:35:40
1669226,m,y,INFJ,1669697,f,n,ISFJ,f,c,y,2021-09-27 22:05:32
1661738,m,y,ISFP,1669697,f,n,ISFJ,f,c,y,2021-09-27 21:37:32
1540840,m,y,ISFJ,1627160,f,n,ESFP,f,s,y,2021-09-22 11:42:53
1659799,f,y,ISFP,509550,m,n,ENFJ,f,c,y,2021-09-25 03:15:58
1503329,m,y,INFP,1649530,f,y,ENFJ,f,s,y,2021-09-15 22:36:44
1464684,m,y,ISTP,1649530,f,n,ENFJ,f,s,y,2021-09-04 22:44:38
1176495,m,y,INTP,1566696,f,n,INFP,f,c,y,2021-09-26 22:38:54
1525112,m,y,INFP,1665818,f,n,INFJ,f,c,y,2021-09-27 20:04:01
1608964,m,y,INFP,1643603,f,n,ESFP,f,s,y,2021-09-03 15:40:05
1629495,m,y,ENTP,5844,f,n,ISTJ,f,c,y,2021-09-28 08:56:22
1596515,m,y,INFP,1545768,f,n,INFP,f,c,y,2021-09-26 11:39:15
1659501,m,y,ISFP,1545768,f,n,INFP,f,c,y,2021-09-23 18:43:57
1494286,m,y,INFP,1545768,f,n,INFP,f,c,y,2021-09-28 18:56:45
1588202,m,y,INFP,753746,f,n,INTP,f,s,y,2021-09-19 09:16:29
1421913,m,y,ENFJ,1024967,f,n,ESTP,f,s,y,2021-09-19 18:14:45
1649216,m,y,ESTJ,1645583,f,n,ENTP,f,s,y,2021-09-27 21:25:20
1649216,m,y,ESTJ,1142258,f,n,ENFJ,f,s,n,2021-09-27 20:14:03
1649216,m,y,ESTJ,890128,f,n,INFP,f,s,y,2021-09-27 14:54:59
1649216,m,y,ESTJ,1645702,f,n,ENFP,f,s,y,2021-09-27 20:08:29
1649216,m,y,ESTJ,1580648,f,n,ESFJ,f,c,n,2021-09-27 13:32:48
1649216,m,y,ESTJ,1652233,f,n,INFP,f,s,n,2021-09-28 10:36:18
1649216,m,y,ESTJ,1389640,f,n,ESFP,f,s,n,2021-09-28 01:38:43
1649216,m,y,ESTJ,1599618,f,n,ESFP,f,s,y,2021-09-27 12:28:27
1615404,f,y,ESTJ,1167938,m,n,ISFP,f,s,y,2021-09-28 08:30:44
1615404,f,y,ESTJ,1522438,m,n,ISFJ,f,s,y,2021-09-09 19:12:17
1615404,f,y,ESTJ,434134,m,n,ISFP,f,s,y,2021-09-28 10:15:51
1615404,f,y,ESTJ,845654,m,n,ENFP,f,s,y,2021-09-18 12:47:17
1615404,f,y,ESTJ,1301959,m,n,ESFP,f,s,y,2021-09-18 13:37:10
1670943,m,y,INTJ,1625797,f,n,ISTJ,f,c,y,2021-09-29 14:06:57
1647677,m,y,INFP,1625797,f,n,ISTJ,f,c,y,2021-09-24 03:14:42
908552,f,y,ISFP,796000,m,n,ENFJ,f,c,y,2021-09-26 00:25:36
908552,f,y,ISFP,1463566,m,y,INFJ,i,s,y,2021-09-22 12:27:14
1669247,m,y,ENFP,1355449,f,n,ISFP,f,s,y,2021-09-27 14:00:36
1257374,m,y,INFJ,1586660,f,n,ISTP,f,s,n,2021-09-29 15:37:47
1614699,m,y,INFJ,1404860,f,n,ISFJ,f,s,y,2021-09-13 17:35:49
852073,m,y,ESFP,1404860,f,n,ISFJ,f,s,y,2021-09-05 18:38:57
852073,m,y,ESFP,1417749,f,n,ENFP,f,s,y,2021-09-05 18:57:24
852073,m,y,ESFP,1124190,f,y,ENFP,i,s,y,2021-09-22 10:51:51
852073,m,y,ESFP,1647523,f,n,ENTP,f,s,y,2021-09-05 18:52:02
1618814,m,y,ENFP,1404860,f,n,ISFJ,f,s,y,2021-09-03 20:41:47
1618814,m,y,ENFP,1650469,f,n,ENFP,f,s,y,2021-09-07 20:52:24
1618814,m,y,ENFP,1256433,f,n,ENFJ,f,s,y,2021-09-01 19:58:51
1337646,m,y,ENFJ,1526189,f,n,ISFJ,f,c,y,2021-09-25 21:40:47
1412199,m,y,INTP,1622215,f,n,ISFP,f,c,y,2021-09-28 22:07:57
1564456,m,y,ESTP,1584798,f,y,ENTP,f,s,y,2021-09-08 15:47:50
1649067,m,y,ISFJ,1669930,f,n,ENFP,f,c,y,2021-09-28 16:21:39
1595473,m,y,ENTJ,1669930,f,n,ENFP,f,s,y,2021-09-28 08:34:03
1595473,m,y,ENTJ,1671529,f,n,INFP,f,c,n,2021-09-30 00:53:45
1595898,m,y,ISFP,1668745,f,n,INTJ,f,c,y,2021-09-27 22:01:44
971651,m,y,INFP,1438742,f,n,ISFP,f,s,y,2021-09-11 03:26:20
971651,m,y,INFP,1586840,f,n,INFP,f,s,y,2021-09-11 03:51:24
971651,m,y,INFP,1391022,f,n,ENFJ,f,s,y,2021-09-10 02:56:01
971651,m,y,INFP,1169713,f,n,ESTP,f,s,n,2021-09-11 05:00:38
971651,m,y,INFP,1301162,f,n,INTJ,f,s,y,2021-09-10 02:39:48
1124190,f,y,ENFP,634943,m,n,INFP,f,s,y,2021-09-22 09:42:36
444479,m,y,INFJ,962365,f,n,ENFP,f,c,y,2021-09-29 08:33:50
1643953,m,y,ESFJ,962365,f,n,ENFP,f,s,y,2021-09-28 17:46:02
1643953,m,y,ESFJ,1659246,f,n,INFJ,f,s,y,2021-09-17 20:49:46
1643953,m,y,ESFJ,1656865,f,n,ISTJ,f,s,y,2021-09-18 17:02:28
1445628,m,y,INFP,1642914,f,n,ESTP,f,c,y,2021-09-23 10:19:01
1426711,m,y,INTP,1457918,f,n,INFP,f,c,y,2021-09-27 11:46:06
1243227,m,y,ENFJ,890436,f,n,ENTP,f,s,y,2021-09-01 12:22:10
1243227,m,y,ENFJ,1558462,f,n,INFJ,f,s,y,2021-09-01 12:24:58
1643024,m,y,INFJ,1378466,f,n,INFP,f,s,y,2021-08-31 16:45:40
1643024,m,y,INFJ,1656185,f,n,ESFP,f,s,y,2021-09-14 00:53:37
1657745,m,y,ISTP,1638697,f,n,INFP,f,s,y,2021-09-17 15:51:24
1587156,m,y,ENFP,1638697,f,n,INFP,f,s,y,2021-09-15 18:35:28
1094006,m,y,ESTJ,1638697,f,n,INFP,f,c,y,2021-09-29 12:33:48
1539996,m,y,ISFP,1638697,f,n,INFP,f,c,y,2021-09-26 08:19:12
965609,m,y,ISFJ,1638697,f,n,INFP,f,c,y,2021-09-26 19:57:48
1666450,m,y,ENFJ,1638697,f,n,INFP,f,c,y,2021-09-24 12:37:41
1357723,m,y,ENFP,1234267,f,n,ISFP,f,s,y,2021-09-04 12:44:04
1357723,m,y,ENFP,990947,f,n,ESFP,f,s,y,2021-09-04 12:17:31
1357723,m,y,ENFP,1651412,f,n,ENTP,f,s,y,2021-09-05 01:48:50
1357723,m,y,ENFP,1648764,f,n,ENFJ,f,s,y,2021-09-04 12:26:58
1393878,m,y,ESTJ,1453186,f,n,ISTP,f,c,y,2021-09-25 16:30:24
1483556,m,y,ISFP,1659846,f,n,INTJ,f,s,y,2021-09-16 07:33:55
933397,f,y,INFP,1287407,m,n,INFP,f,s,y,2021-09-05 22:14:22
933397,f,y,INFP,1661174,m,y,INFP,i,s,y,2021-09-17 18:35:57
1308886,m,y,ENFP,1647862,f,n,ESTP,f,s,y,2021-08-31 12:16:18
1410327,m,y,ISTP,1647862,f,n,ESTP,f,s,y,2021-09-09 20:53:19
1584537,f,y,ISFP,1040329,m,n,INFP,f,s,y,2021-09-26 20:56:04
1343874,m,y,ENFJ,1590482,f,n,ENFP,f,s,y,2021-09-25 17:53:09
1658167,m,y,INFP,1585773,f,n,ESTJ,f,c,y,2021-09-26 14:09:47
1671468,m,y,INFJ,1229666,f,n,INFP,f,c,n,2021-09-30 00:43:22
1538798,m,y,ESTP,1229666,f,n,INFP,f,c,y,2021-09-29 19:24:59
1538798,m,y,ESTP,1636059,f,n,ENFP,f,c,y,2021-09-24 23:55:10
1558146,m,y,INFP,1664410,f,n,ISTJ,f,s,y,2021-09-22 23:50:22
1558146,m,y,INFP,1635561,f,n,ISFP,f,s,y,2021-09-25 01:51:17
1612956,m,y,INFJ,1494463,f,n,ESTP,f,s,y,2021-09-26 10:10:19
1612956,m,y,INFJ,1527031,f,n,INFP,f,s,y,2021-09-28 07:43:17
1612956,m,y,INFJ,1654207,f,n,INTJ,f,s,y,2021-09-22 07:25:38
1601120,m,y,ISTP,717331,f,n,ISFJ,f,c,n,2021-09-27 23:09:59
838025,m,y,ISFP,1647066,f,n,INFJ,f,s,y,2021-09-25 20:08:12
838025,m,y,ISFP,1397123,f,n,INFP,f,s,y,2021-09-09 23:03:01
1268465,m,y,INFP,1659530,f,n,ENFJ,f,c,y,2021-09-29 04:15:29
1268465,m,y,INFP,1521304,f,n,INFJ,f,c,y,2021-09-26 20:24:54
1268465,m,y,INFP,1595835,f,n,INFP,f,c,y,2021-09-25 08:35:00
1063908,m,y,ESFP,1597291,f,n,ESFP,f,c,y,2021-09-23 22:00:48
1267254,m,y,ENTJ,1644399,f,n,ISFP,f,s,y,2021-09-29 23:02:28
1267254,m,y,ENTJ,1397123,f,n,INFP,f,s,y,2021-09-15 23:24:09
1267254,m,y,ENTJ,1597637,f,n,ENFJ,f,s,y,2021-09-15 22:57:12
1656992,m,y,ENFJ,1663550,f,n,ENFP,f,s,y,2021-09-24 22:40:32
726670,f,y,INFP,1664923,m,n,INFP,f,s,y,2021-09-22 16:03:03
1629142,f,y,INFP,1035421,m,n,ISTP,f,c,y,2021-09-28 12:09:32
1629142,f,y,INFP,1277912,m,n,ISFP,f,c,y,2021-09-25 19:29:05
1629142,f,y,INFP,1296090,m,n,ENFJ,f,s,y,2021-09-26 21:00:46
1629142,f,y,INFP,1653480,m,n,ESFP,f,c,n,2021-09-29 22:01:11
1629142,f,y,INFP,1602747,m,n,INFJ,f,s,y,2021-09-07 22:53:22
1573993,m,y,ENFP,1644929,f,n,INTP,f,s,y,2021-09-19 18:46:28
1573993,m,y,ENFP,1037513,f,n,INFJ,f,s,y,2021-09-20 22:58:04
1630110,m,y,ESFJ,1644929,f,n,INTP,f,s,y,2021-09-22 12:19:26
1609704,m,y,ESTP,1667856,f,n,INTP,f,c,y,2021-09-25 18:43:52
1609704,m,y,ESTP,1648601,f,n,ESFP,f,s,y,2021-09-01 08:32:08
861019,m,y,ENFJ,1668822,f,n,ISTP,f,c,y,2021-09-26 20:51:13
856345,m,y,ESFJ,1668822,f,n,ISTP,f,c,y,2021-09-27 10:01:40
1493184,m,y,ENTP,1650613,f,n,ISFP,f,s,y,2021-09-04 11:46:29
1547800,m,y,INTP,1650613,f,n,ISFP,f,s,y,2021-09-05 19:55:57
1551920,m,y,ISTP,1650613,f,n,ISFP,f,s,y,2021-09-04 22:22:37
1665066,m,y,ESFJ,1420920,f,n,INFJ,f,s,y,2021-09-24 22:09:25
1665066,m,y,ESFJ,1632766,f,n,ENFP,f,c,y,2021-09-24 23:56:54
1665066,m,y,ESFJ,1321664,f,n,ISFP,f,c,n,2021-09-24 21:43:08
1659151,m,y,ESTJ,1649696,f,n,ISFP,f,s,y,2021-09-29 12:58:19
1619502,m,y,ENFP,1649696,f,n,ISFP,f,s,y,2021-09-02 21:05:08
1619502,m,y,ENFP,1657345,f,n,INFP,f,s,y,2021-09-12 17:21:45
1607455,m,y,ISTJ,1649696,f,n,ISFP,f,s,y,2021-09-04 21:57:33
1607455,m,y,ISTJ,1636059,f,n,ENFP,f,s,y,2021-09-04 21:47:00
1607455,m,y,ISTJ,1174612,f,n,ENFP,f,s,y,2021-09-04 21:46:00
1607455,m,y,ISTJ,776130,f,n,INFP,f,s,y,2021-09-04 21:45:03
1607455,m,y,ISTJ,1576517,f,n,INFP,f,s,y,2021-09-04 21:46:31
1607455,m,y,ISTJ,1565894,f,n,ENFJ,f,s,y,2021-09-04 21:45:26
557055,m,y,INFJ,1562064,f,n,INTJ,f,c,n,2021-09-28 14:31:48
557055,m,y,INFJ,1499670,f,n,ENFP,f,s,y,2021-09-04 09:30:34
1647678,m,y,ENTJ,1624840,f,n,ESTP,f,s,y,2021-08-31 21:11:51
1578982,m,y,ESFJ,969205,f,y,ENFP,i,s,y,2021-09-14 08:52:19
1671519,m,y,ENFP,969205,f,n,ENFP,f,c,n,2021-09-29 23:47:07
1528637,m,y,INFP,1551921,f,n,INFP,f,s,y,2021-09-12 03:38:58
1666988,m,y,ESFJ,1247207,f,n,INFP,f,c,y,2021-09-27 08:16:55
1637287,f,y,ESFJ,1471580,m,n,ESFP,f,s,y,2021-09-05 11:12:20
1651471,m,y,INFP,1649942,f,n,ESTJ,f,s,n,2021-09-05 04:05:54
1452847,m,y,ISFP,1670977,f,n,ISFP,f,c,y,2021-09-29 20:54:41
1666752,m,y,INTJ,1635477,f,n,ISFP,f,c,y,2021-09-24 11:08:28
754357,m,y,ESFJ,1504558,f,n,ISFJ,f,s,y,2021-09-28 19:00:22
754357,m,y,ESFJ,1652448,f,n,ISFJ,f,s,y,2021-09-28 12:34:59
1639492,m,y,INFJ,1213360,f,n,ESFJ,f,c,y,2021-09-23 18:54:19
1501869,m,y,ESFP,1666033,f,n,ENTP,f,c,y,2021-09-23 17:59:43
496265,m,y,ENFP,1668365,f,n,INTP,f,c,y,2021-09-26 19:10:28
1626291,f,y,ISFP,1479252,m,y,INFP,i,s,y,2021-08-23 08:00:37
1636451,f,y,ISFJ,1196147,m,y,ISFP,i,s,y,2021-09-18 23:33:52
1538171,m,y,INFP,1643926,f,n,INFP,f,s,n,2021-09-18 15:16:57
1498732,m,y,INFJ,1638189,f,n,ESFJ,f,c,n,2021-09-27 20:21:40
1647394,m,y,ENTP,642588,f,n,ISTP,f,s,n,2021-09-23 21:38:41
1662680,m,y,ESFJ,1481149,f,n,ISFP,f,c,y,2021-09-29 04:50:21
1660727,m,y,ENFP,1633171,f,n,INFJ,f,c,y,2021-09-26 21:13:29
1660727,m,y,ENFP,1343844,f,n,INFP,f,c,y,2021-09-26 20:08:44
1134986,f,y,ISFP,1343421,m,n,ISFP,f,s,y,2021-09-26 22:11:43
1134986,f,y,ISFP,1524029,m,n,ISTP,f,s,y,2021-09-27 01:30:48
1134986,f,y,ISFP,1457316,m,n,ISTP,f,s,y,2021-09-06 12:52:14
1134986,f,y,ISFP,1532984,m,n,ISFP,f,s,y,2021-09-10 14:35:57
1417333,m,y,ESFP,1565085,f,n,INFP,f,s,y,2021-09-05 01:04:11
1662502,m,y,ESFJ,451645,f,n,ENTP,f,s,y,2021-09-19 11:58:34
1662502,m,y,ESFJ,1498170,f,n,INFJ,f,s,y,2021-09-19 17:40:33
1662502,m,y,ESFJ,1594006,f,n,ESTP,f,s,y,2021-09-27 22:20:34
1662502,m,y,ESFJ,886149,f,n,ISFP,f,c,n,2021-09-27 22:20:15
1665422,m,y,ENFP,1662540,f,n,INFP,f,c,y,2021-09-25 23:02:37
1598199,m,y,ENFP,1662540,f,n,INFP,f,c,y,2021-09-29 06:50:15
1598199,m,y,ENFP,1611460,f,n,INTP,f,s,y,2021-09-05 12:59:17
1526206,m,y,INTP,1662540,f,n,INFP,f,c,y,2021-09-26 10:55:21
1667745,m,y,INFP,1644248,f,n,ENFP,f,c,y,2021-09-26 14:18:29
1667745,m,y,INFP,1491283,f,n,ENFP,f,c,y,2021-09-26 18:28:03
831464,m,y,INFP,595272,f,n,INFJ,f,s,n,2021-09-20 19:52:59
831464,m,y,INFP,1648628,f,n,INTP,f,s,y,2021-09-05 08:46:00
888087,m,y,ENFJ,595272,f,n,INFJ,f,s,y,2021-09-17 15:45:27
1006342,m,y,INTP,595272,f,n,INFJ,f,c,n,2021-09-26 18:57:21
1454159,m,y,ESFP,759289,f,y,INTP,i,s,y,2021-09-27 19:43:07
1552658,m,y,ENFP,1550159,f,n,INFJ,f,c,y,2021-09-26 11:30:41
1655036,f,y,INFP,1666450,m,n,ENFJ,f,s,y,2021-09-24 13:40:36
1655036,f,y,INFP,1666709,m,n,ISFJ,f,s,y,2021-09-24 13:37:24
1655036,f,y,INFP,1589227,m,n,ISFJ,f,s,y,2021-09-24 13:32:26
1655036,f,y,INFP,1566516,m,n,INFP,f,s,y,2021-09-24 13:19:47
1655036,f,y,INFP,1666815,m,n,ISFP,f,s,y,2021-09-24 13:35:08
228417,m,y,INFP,1610994,f,n,ISFP,f,s,y,2021-09-03 06:24:02
1660838,m,y,ESFJ,1605173,f,n,ISFP,f,s,y,2021-09-18 07:00:59
1660838,m,y,ESFJ,1489189,f,n,ISFP,f,s,y,2021-09-19 13:24:34
1660838,m,y,ESFJ,1643407,f,y,ISFP,i,s,y,2021-09-17 04:27:42
1670378,m,y,ENTJ,1614704,f,n,INTJ,f,c,y,2021-09-28 20:49:50
1377151,m,y,ENTP,1630715,f,n,INFP,f,s,y,2021-09-14 20:19:38
1633394,m,y,INFP,1624056,f,n,INFP,f,s,n,2021-09-09 07:21:42
1660667,m,y,INTJ,1469011,f,n,ENTP,f,c,y,2021-09-25 01:50:06
1660667,m,y,INTJ,1233121,f,n,INTP,f,s,n,2021-09-18 21:05:20
1660667,m,y,INTJ,1110928,f,n,ESFP,f,s,y,2021-09-18 21:02:21
1099491,m,y,ISFP,1519531,f,n,ESFJ,f,c,y,2021-09-28 23:16:26
1090355,m,y,ISFJ,1519531,f,n,ESFJ,f,s,y,2021-09-18 21:08:56
1090355,m,y,ISFJ,1008907,f,n,INTJ,f,s,y,2021-09-17 20:09:27
793015,m,y,INTP,1617985,f,n,INTJ,f,s,y,2021-09-07 00:33:02
1619629,f,y,ENFJ,1524029,m,n,ISTP,f,c,y,2021-09-23 23:21:44
1619629,f,y,ENFJ,1618977,m,n,ENFP,f,c,y,2021-09-24 20:42:59
1262433,m,y,INFJ,1667944,f,n,ISFJ,f,c,y,2021-09-28 01:45:38
1653543,f,y,ESFP,1658084,m,n,ISFP,f,s,y,2021-09-14 07:33:11
1653543,f,y,ESFP,1644202,m,n,ISFP,f,s,y,2021-09-15 02:13:50
1093282,m,y,INFJ,1653927,f,n,INFP,f,s,y,2021-09-08 07:58:14
468125,m,y,ISFJ,1429117,f,n,ISTJ,f,c,y,2021-09-28 22:10:12
1589203,f,y,ESFP,1141859,m,n,ISFJ,f,s,y,2021-09-21 20:48:22
1589203,f,y,ESFP,36895,m,n,ESFP,f,s,n,2021-09-21 20:21:40
1589203,f,y,ESFP,913430,m,n,ISFP,f,s,y,2021-09-15 15:08:27
1554089,m,y,ENTP,1579449,f,n,INFP,f,s,y,2021-09-01 23:37:37
1662172,f,y,INFP,459108,m,n,ISFJ,f,s,y,2021-09-23 12:07:17
1210368,m,y,ISFJ,1584362,f,n,INTP,f,c,y,2021-09-27 16:30:50
1487049,m,y,ENTJ,1584362,f,n,INTP,f,s,y,2021-09-03 14:08:51
1657891,m,y,ESTP,1562203,f,n,ISFP,f,s,y,2021-09-27 05:44:53
1657891,m,y,ESTP,864572,f,n,ENFJ,f,c,n,2021-09-28 14:36:18
1019367,m,y,INTP,1668924,f,n,ISFJ,f,c,y,2021-09-26 21:31:53
1019367,m,y,INTP,1025840,f,n,INFJ,f,c,n,2021-09-30 01:43:18
1218199,m,y,ISFP,1654562,f,n,ESFJ,f,s,y,2021-09-11 20:32:53
1218199,m,y,ISFP,1655501,f,n,ESFJ,f,s,y,2021-09-11 19:49:29
1218199,m,y,ISFP,1586857,f,n,ESFP,f,s,y,2021-09-13 07:23:38
1161275,m,y,INFP,1670529,f,n,ISFP,f,c,y,2021-09-28 22:57:57
1663851,m,y,ESTJ,1448379,f,n,INFP,f,s,y,2021-09-21 15:56:19
1657989,m,y,INFJ,1661700,f,n,ESTP,f,c,y,2021-09-28 21:09:33
459108,m,y,ISFJ,1662172,f,n,INFP,f,c,y,2021-09-23 16:40:45
1490765,m,y,ENFP,1133431,f,n,ENFP,f,c,y,2021-09-24 20:16:41
754316,m,y,INFP,1669362,f,n,ESFJ,f,s,y,2021-09-27 19:18:11
912951,m,y,ENFP,1569937,f,n,INFP,f,s,y,2021-09-07 19:34:34
219034,m,y,INFP,1569937,f,n,INFP,f,s,y,2021-09-14 18:42:59
1660870,m,y,INTP,1083428,f,n,ESFJ,f,s,y,2021-09-17 02:56:00
1653409,m,y,ESFJ,1653773,f,n,INFJ,f,s,y,2021-09-08 03:29:11
1653409,m,y,ESFJ,1560131,f,n,ENFJ,f,s,y,2021-09-07 20:00:09
1660516,f,y,ENFP,1590565,m,n,INTP,f,s,y,2021-09-27 14:58:48
1668597,m,y,ISFJ,1250003,f,n,ISFP,f,c,y,2021-09-29 20:12:41
1630500,f,y,ISFP,1364544,m,n,ISFP,f,s,y,2021-09-21 17:52:31
1630500,f,y,ISFP,1298415,m,n,INFP,f,s,y,2021-09-16 20:55:55
1488495,f,y,INTJ,1640431,m,n,INFP,f,s,y,2021-09-01 19:12:17
1488495,f,y,INTJ,1637097,m,n,ESFP,f,s,y,2021-09-07 21:48:08
1593380,m,y,ISFP,1594601,f,n,ISFP,f,c,y,2021-09-26 12:11:41
1656072,m,y,ISTJ,1660881,f,n,ISFP,f,s,y,2021-09-17 12:38:49
1516213,m,y,ISFP,1660881,f,n,ISFP,f,s,y,2021-09-21 20:03:59
1596528,m,y,INFJ,1660881,f,n,ISFP,f,s,y,2021-09-17 15:39:53
1233681,m,y,INFP,1660881,f,n,ISFP,f,s,y,2021-09-17 18:23:54
1429991,m,y,ESFP,1660881,f,n,ISFP,f,c,n,2021-09-30 00:53:10
1338459,m,y,ESFJ,1660881,f,n,ISFP,f,c,y,2021-09-24 01:00:32
1374625,m,y,ESFP,1293874,f,n,ISTP,f,s,y,2021-09-06 19:53:16
1094097,m,y,ISFJ,482791,f,n,ISFJ,f,s,y,2021-09-29 15:57:36
1666575,f,y,ISFP,1659408,m,n,INFP,f,c,y,2021-09-26 14:22:56
1288462,f,y,ESFP,1659408,m,n,INFP,f,c,y,2021-09-24 17:58:06
1636647,m,y,ISFP,1174612,f,n,ENFP,f,c,y,2021-09-24 21:48:58
1650994,m,y,ENFP,1515713,f,n,ISFJ,f,s,n,2021-09-05 23:02:33
1650994,m,y,ENFP,1418044,f,n,ENFP,f,s,y,2021-09-12 14:20:35
1641730,m,y,ENFJ,1515713,f,n,ISFJ,f,c,n,2021-09-26 20:23:59
1641730,m,y,ENFJ,1302875,f,n,ENFP,f,s,n,2021-09-29 14:52:47
1667225,m,y,ENFP,1585466,f,n,ESFJ,f,c,y,2021-09-27 01:27:21
1607987,m,y,ENFJ,1657897,f,n,ISFP,f,c,y,2021-09-28 17:25:19
1275264,m,y,ENFP,1514520,f,n,INFP,f,s,n,2021-09-25 12:13:34
1093740,m,y,ESTP,1666314,f,n,ISFP,f,c,y,2021-09-24 00:49:57
1093740,m,y,ESTP,1665581,f,n,ESFJ,f,c,y,2021-09-25 21:23:33
1664780,f,y,ENFP,1452847,m,n,ISFP,f,s,y,2021-09-22 17:14:30
1664780,f,y,ENFP,1453658,m,n,ISFP,f,s,y,2021-09-22 03:50:50
1664780,f,y,ENFP,956140,m,y,INFJ,i,s,y,2021-09-23 08:15:28
1665890,m,y,ESTP,1390149,f,n,ISFP,f,c,n,2021-09-28 10:11:26
1665890,m,y,ESTP,1630594,f,n,INFP,f,c,n,2021-09-28 01:27:10
1665890,m,y,ESTP,942781,f,n,ISTJ,f,c,y,2021-09-28 07:12:07
1641856,m,y,ENFP,1650624,f,n,INFP,f,c,n,2021-09-24 00:54:44
1658146,m,y,INFJ,1630025,f,n,ISTJ,f,c,n,2021-09-26 22:16:35
1043453,m,y,ENFJ,1630025,f,n,ISTJ,f,c,n,2021-09-28 19:00:24
1495496,m,y,ISTP,1670124,f,n,ENFP,f,s,y,2021-09-29 17:34:30
1561471,m,y,INFJ,1665581,f,n,ESFJ,f,c,n,2021-09-29 13:47:13
1533931,m,y,ISTP,1646675,f,n,INFP,f,c,y,2021-09-24 22:38:36
655734,m,y,ENFJ,737694,f,n,ISFJ,f,c,y,2021-09-25 00:34:09
541231,m,y,ENTP,1452987,f,n,ISFP,f,c,y,2021-09-23 22:21:11
1597089,m,y,ESFP,1573146,f,n,ISFJ,f,c,y,2021-09-24 17:42:07
1399128,m,y,ESFP,1654190,f,n,ENTJ,f,c,y,2021-09-23 19:24:37
1003311,m,y,INFP,1654190,f,n,ENTJ,f,c,y,2021-09-25 21:56:19
91413,m,y,ENFP,1591613,f,n,ENTP,f,c,y,2021-09-28 00:30:25
1615853,m,y,ESFJ,1577387,f,n,ISFJ,f,s,y,2021-09-23 22:14:53
1058337,m,y,INFP,1666472,f,n,INFJ,f,c,y,2021-09-26 16:33:11
1102354,m,y,ESFP,1661632,f,n,ESFJ,f,c,y,2021-09-26 08:51:49
1561947,m,y,ISTP,1299351,f,n,INFP,f,s,y,2021-09-04 22:09:37
1654207,f,y,INTJ,1453658,m,n,ISFP,f,c,y,2021-09-24 00:22:41
1654207,f,y,INTJ,921563,m,n,ISFP,f,c,y,2021-09-24 13:45:15
1654207,f,y,INTJ,1590725,m,n,INFP,f,c,y,2021-09-23 19:22:43
1546506,m,y,INFP,1655801,f,n,INFJ,f,s,y,2021-09-29 20:40:15
1234004,m,y,INFP,1668163,f,n,ISFJ,f,c,y,2021-09-26 15:59:18
1666501,m,y,INFJ,1668163,f,n,ISFJ,f,c,y,2021-09-26 03:56:43
356127,m,y,INTP,1668163,f,n,ISFJ,f,c,y,2021-09-28 00:22:03
1475398,m,y,ENFP,1669738,f,n,ENTJ,f,c,y,2021-09-27 22:58:23
1475398,m,y,ENFP,1670857,f,n,ISTJ,f,c,y,2021-09-29 19:28:11
1529126,m,y,INFJ,1557691,f,n,ENTJ,f,c,y,2021-09-24 17:01:52
1657339,f,y,ISFJ,1597413,m,n,ISFJ,f,c,y,2021-09-29 20:53:40
1002433,m,y,ESFP,1437404,f,n,INFJ,f,s,y,2021-09-18 01:01:10
608685,m,y,INFP,1437404,f,n,INFJ,f,s,y,2021-09-01 23:37:39
1659110,m,y,INFP,1203321,f,n,ESTJ,f,s,y,2021-09-15 21:28:19
1653187,m,y,ISFP,1471733,f,n,ESFJ,f,s,y,2021-09-07 06:52:02
1463014,m,y,INFP,1653240,f,n,ISTP,f,c,y,2021-09-26 15:38:56
1614742,m,y,INFJ,1663287,f,n,INFP,f,c,n,2021-09-26 23:46:47
736146,m,y,ISFJ,1663287,f,n,INFP,f,s,y,2021-09-20 15:57:39
1595889,m,y,ESFP,1663287,f,n,INFP,f,s,y,2021-09-21 15:18:07
1630244,m,y,ISTP,1663287,f,n,INFP,f,s,y,2021-09-22 13:19:35
1658514,m,y,ENTJ,1663287,f,n,INFP,f,s,y,2021-09-20 10:43:27
1497367,m,y,INFP,1245732,f,n,INFJ,f,s,n,2021-09-28 19:27:23
1497367,m,y,INFP,1517896,f,n,INFJ,f,s,y,2021-09-06 22:23:11
1497367,m,y,INFP,1670348,f,n,ENFP,f,s,y,2021-09-29 18:28:58
1497367,m,y,INFP,1655309,f,n,INTP,f,s,y,2021-09-09 23:26:11
1326810,m,y,ISFP,1463603,f,n,ISFJ,f,s,y,2021-09-23 20:15:33
1500819,m,y,INFJ,1667996,f,n,ENFP,f,c,y,2021-09-25 23:19:47
1500819,m,y,INFJ,1617776,f,n,ENFJ,f,c,y,2021-09-25 23:18:10
1648580,m,y,ISFP,1648702,f,n,INTP,f,s,y,2021-09-04 23:16:37
1655424,f,y,ISFP,681556,m,n,ISFJ,f,s,y,2021-09-10 17:32:52
1655424,f,y,ISFP,1603691,m,n,ESTJ,f,s,y,2021-09-17 22:43:41
1512101,m,y,ISFP,1578829,f,n,INFJ,f,s,y,2021-09-11 00:55:25
1009235,f,y,ESFP,1654450,m,n,ISTJ,f,s,y,2021-09-09 10:10:24
1474195,m,y,ESFJ,1611036,f,n,INTP,f,c,n,2021-09-26 02:42:17
1666937,m,y,ENFJ,1102237,f,n,ISFJ,f,c,y,2021-09-28 15:33:53
1055984,m,y,ESFP,1270781,f,n,INFP,f,s,y,2021-09-26 00:39:52
147298,m,y,INFP,1574128,f,n,INTP,f,s,y,2021-09-07 23:24:06
147298,m,y,INFP,1541518,f,y,INFP,i,s,y,2021-09-20 09:23:16
1585773,f,y,ESTJ,1658167,m,n,INFP,f,s,y,2021-09-13 21:22:48
1537886,m,y,INTP,1630401,f,n,ISFP,f,c,y,2021-09-24 18:25:15
1234730,m,y,INFJ,1670328,f,n,INFP,f,c,y,2021-09-29 06:28:14
1092620,m,y,ENFP,1647053,f,n,ENFP,f,c,y,2021-09-23 23:44:45
628614,m,y,ISFJ,1647053,f,n,ENFP,f,c,y,2021-09-27 20:21:36
1279067,m,y,ISFJ,1640671,f,n,INFP,f,c,y,2021-09-26 20:32:16
1665842,m,y,INTJ,741129,f,n,ISTJ,f,c,n,2021-09-25 20:31:08
1665842,m,y,INTJ,1565765,f,n,ISFP,f,c,n,2021-09-23 13:18:47
300127,m,y,ENFJ,1646649,f,n,INTJ,f,s,y,2021-08-31 10:26:40
1639253,m,y,ESTJ,1507474,f,n,INFP,f,c,n,2021-09-27 23:55:04
1670342,m,y,ESFJ,1631685,f,n,INTP,f,s,y,2021-09-28 22:34:25
995825,m,y,ISTP,1666307,f,n,INFP,f,c,y,2021-09-27 03:24:48
855029,m,y,INFJ,1670348,f,n,ENFP,f,c,y,2021-09-29 23:29:54
1511229,m,y,INFJ,1347455,f,n,ISTP,f,s,y,2021-09-20 21:32:01
1506962,m,y,ENFP,1646942,f,n,ENFP,f,s,y,2021-09-01 13:22:24
1664612,f,y,ISTJ,1254306,m,n,ENFJ,f,s,y,2021-09-21 23:28:52
1664612,f,y,ISTJ,1634531,m,n,INFP,f,s,y,2021-09-22 09:35:16
1666608,m,y,INTP,1033677,f,n,ESFJ,f,c,y,2021-09-25 09:44:55
1328657,m,y,ESFP,1184578,f,n,ENTJ,f,c,y,2021-09-23 20:49:38
1600453,m,y,INFP,1613378,f,n,ISFP,f,s,y,2021-09-27 17:59:20
1600453,m,y,INFP,1548255,f,n,ESFP,f,s,y,2021-09-09 09:01:17
1577081,f,y,INFP,1593380,m,n,ISFP,f,s,y,2021-09-20 08:45:06
1664046,m,y,INFP,1660808,f,n,ENFP,f,c,n,2021-09-26 23:58:53
1592987,m,y,ENTJ,1389856,f,n,INFJ,f,s,y,2021-09-05 15:57:56
1281046,m,y,ISFJ,1594610,f,n,INFP,f,c,y,2021-09-24 17:20:30
1654222,m,y,ISFJ,1594610,f,n,INFP,f,s,y,2021-09-15 11:37:49
1416710,m,y,ISTP,1642606,f,n,ESFP,f,c,y,2021-09-26 02:53:14
1551293,m,y,INFP,1642606,f,n,ESFP,f,s,y,2021-09-01 15:53:27
1551293,m,y,INFP,1648812,f,n,ENFP,f,s,y,2021-09-02 17:11:18
1657821,f,y,ISFJ,677304,m,n,INFP,f,s,y,2021-09-23 15:30:48
1647726,m,y,INTJ,1594369,f,n,ISFP,f,c,n,2021-09-27 20:41:50
1188115,m,y,INFP,1090901,f,n,ISFP,f,s,y,2021-09-22 21:53:06
1660715,m,y,INTP,1153004,f,n,INTP,f,s,y,2021-09-23 21:14:36
1369994,m,y,INFJ,1299820,f,n,INFJ,f,s,n,2021-09-05 10:52:56
1247740,m,y,INFJ,1571201,f,n,ISFP,f,s,y,2021-09-23 13:05:44
1645532,m,y,INFJ,1663616,f,n,ESFP,f,s,y,2021-09-20 20:04:33
1645532,m,y,INFJ,1663401,f,n,INFP,f,s,y,2021-09-20 16:12:36
1645532,m,y,INFJ,1297613,f,n,ISFP,f,s,n,2021-09-12 22:49:12
1535569,m,y,ISFP,1663616,f,n,ESFP,f,c,y,2021-09-25 09:30:29
1535569,m,y,ISFP,1191291,f,n,ESFJ,f,c,y,2021-09-26 00:19:49
1577441,m,y,ISFP,1663616,f,n,ESFP,f,s,y,2021-09-26 07:39:48
1176689,m,y,INTP,1665800,f,n,ISTJ,f,c,y,2021-09-23 15:00:57
1590565,m,y,INTP,1660516,f,n,ENFP,f,c,y,2021-09-27 15:48:39
592680,m,y,ISTP,1642981,f,n,ISFJ,f,c,y,2021-09-25 08:47:49
1083560,m,y,INFP,1599651,f,n,ISTP,f,c,y,2021-09-28 01:56:27
149611,m,y,INTP,1650159,f,n,INFJ,f,c,y,2021-09-26 09:10:06
1272363,m,y,INFP,1663100,f,n,INFP,f,c,n,2021-09-28 20:14:29
1536274,m,y,ESFP,1609450,f,n,INFJ,f,s,y,2021-09-12 05:31:12
1536274,m,y,ESFP,1271286,f,n,ESFJ,f,c,y,2021-09-25 09:49:04
1448275,m,y,ENFP,940747,f,n,INTJ,f,c,y,2021-09-23 23:11:14
1603640,m,y,INFJ,1601497,f,y,ISFP,i,s,y,2021-09-26 12:27:57
1609540,m,y,ENFP,1581047,f,n,ENFP,f,s,y,2021-09-11 21:04:42
1665888,m,y,INFP,1446419,f,n,ENFP,f,c,y,2021-09-26 22:56:37
1665888,m,y,INFP,1592784,f,n,INFP,f,c,y,2021-09-29 21:46:08
864360,m,y,ESTJ,1087111,f,n,ENFJ,f,c,y,2021-09-26 00:08:25
1445515,m,y,INFP,675004,f,n,ISTP,f,c,n,2021-09-23 16:08:12
1571764,m,y,ISFP,1509779,f,n,ISFP,f,c,n,2021-09-26 00:10:34
982852,m,y,ISFP,1509779,f,n,ISFP,f,s,n,2021-09-29 20:04:00
1670971,m,y,INTJ,1663349,f,n,INFP,f,c,n,2021-09-29 18:31:23
1597522,m,y,ENFP,1593080,f,n,INFJ,f,c,n,2021-09-29 21:42:56
1640670,f,y,ENFP,1670767,m,n,INFP,f,c,y,2021-09-29 22:28:09
1590119,m,y,ENFJ,1574661,f,n,INTJ,f,s,y,2021-09-22 02:06:13
1396588,m,y,INTP,1192341,f,n,INFJ,f,c,n,2021-09-29 18:38:55
1396588,m,y,INTP,835730,f,n,ESFP,f,s,n,2021-09-17 15:24:10
1396588,m,y,INTP,1161206,f,n,INTP,f,s,y,2021-09-17 19:47:42
1396588,m,y,INTP,1621032,f,n,ENFP,f,s,y,2021-09-17 19:50:03
1396588,m,y,INTP,998746,f,n,ISFP,f,s,n,2021-09-17 19:50:33
1667075,m,y,INFP,890128,f,n,INFP,f,c,y,2021-09-24 21:56:34
1425509,m,y,INFJ,890128,f,n,INFP,f,s,y,2021-09-21 17:46:11
887598,m,y,ISFJ,1661994,f,n,INFP,f,c,y,2021-09-26 14:15:38
1644202,m,y,ISFP,1651259,f,n,INFP,f,s,y,2021-09-16 15:51:22
1656759,m,y,ISFJ,1643237,f,n,ISFJ,f,s,y,2021-09-26 22:42:42
1656759,m,y,ISFJ,853343,f,n,ISFJ,f,c,n,2021-09-26 22:54:02
1643641,m,y,ISTJ,1372706,f,n,INFJ,f,s,y,2021-09-22 11:17:15
1609270,f,y,ESFP,1597427,m,n,ISFP,f,s,y,2021-09-28 21:00:15
789918,m,y,ISFJ,1418044,f,n,ENFP,f,s,y,2021-09-22 23:35:34
1657452,m,y,ISTP,1129442,f,n,ESFP,f,c,y,2021-09-27 22:30:15
1655709,m,y,ISFP,547704,f,n,ISFP,f,s,y,2021-09-14 08:43:51
1654474,m,y,INFJ,1670857,f,n,ISTJ,f,c,y,2021-09-29 16:33:14
1654474,m,y,INFJ,1290058,f,n,INFJ,f,s,n,2021-09-18 14:32:00
1657086,f,y,ISFP,1279138,m,n,ISFP,f,c,y,2021-09-25 23:08:00
1407175,m,y,ISFP,1092275,f,n,ISFP,f,c,y,2021-09-24 09:47:00
1645695,f,y,ESTJ,1655295,m,n,INFJ,f,s,y,2021-09-09 23:05:50
1633715,m,y,INFP,1667490,f,n,ISFP,f,c,y,2021-09-25 09:27:56
996007,m,y,INFP,1662704,f,n,ENTJ,f,c,y,2021-09-26 21:09:00
1655614,m,y,ENFP,1629956,f,y,INFJ,i,s,y,2021-09-19 16:30:31
1503213,f,y,INFP,1483207,m,n,ISFP,f,c,y,2021-09-28 22:41:35
1503213,f,y,INFP,1665816,m,n,INFP,f,c,y,2021-09-25 09:18:01
898935,m,y,ESTP,1582903,f,n,ENFJ,f,c,n,2021-09-26 08:08:40
1468375,f,y,ISFJ,1634961,m,n,ESTP,f,s,y,2021-09-11 10:33:03
1592466,m,y,INFP,1647127,f,n,ESTJ,f,s,y,2021-08-31 08:25:51
1117888,m,y,INFP,1660190,f,n,INFJ,f,c,y,2021-09-23 12:47:29
1117888,m,y,INFP,1606194,f,n,ENTJ,f,c,n,2021-09-29 08:21:10
1655445,f,y,ISFP,1407208,m,n,ESFJ,f,c,y,2021-09-26 07:35:58
1553311,m,y,INFP,1272684,f,n,ESFP,f,c,n,2021-09-29 02:07:40
1149305,m,y,INFJ,1574574,f,y,ISFP,f,s,y,2021-09-20 15:10:08
1390765,m,y,ISTP,1596282,f,n,INFP,f,s,y,2021-09-04 11:19:55
969205,f,y,ENFP,1671519,m,n,ENFP,f,s,y,2021-09-29 23:45:04
68018,m,y,ENFJ,1459360,f,n,ISFP,f,s,n,2021-09-29 17:26:37
875469,f,y,ISTJ,1490112,m,n,INTP,f,c,y,2021-09-26 13:14:56
1510348,m,y,INFP,1463972,f,n,INFP,f,s,y,2021-09-29 09:52:12
1654692,m,y,ISFP,491380,f,n,ISFP,f,s,y,2021-09-12 10:42:53
1319461,m,y,ESTP,1616079,f,n,INTP,f,c,y,2021-09-23 17:53:04
1645192,m,y,ISTJ,1459226,f,n,ISFP,f,c,y,2021-09-23 19:15:21
1425444,m,y,ISFP,1633701,f,n,INTP,f,s,y,2021-09-16 22:47:47
1648250,m,y,ISFJ,1588910,f,n,INFJ,f,c,n,2021-09-28 15:47:35
1653079,f,y,ENFP,1450421,m,n,ESFJ,f,s,y,2021-09-07 18:43:39
1189031,m,y,ESFP,1608172,f,n,ESFP,f,c,y,2021-09-28 09:35:59
1668470,m,y,INFJ,1667864,f,n,ENTP,f,c,y,2021-09-26 17:42:36
1668470,m,y,INFJ,1664259,f,n,INFP,f,c,y,2021-09-28 20:57:19
1049725,m,y,ENFJ,1547086,f,n,INTP,f,c,y,2021-09-29 13:09:09
1321258,f,y,INTJ,1515764,m,n,ESFJ,f,c,y,2021-09-28 06:09:18
999119,f,y,ENTJ,1656389,m,n,ESFJ,f,s,y,2021-09-15 11:56:55
999119,f,y,ENTJ,1658772,m,n,ESTJ,f,s,y,2021-09-15 11:15:13
1641525,m,y,ISFP,1358280,f,n,ISFJ,f,c,n,2021-09-25 23:30:37
1634873,f,y,ESFP,1654396,m,n,ISFP,f,s,y,2021-09-09 17:48:49
583074,m,y,ESFP,1657810,f,n,ISFP,f,s,y,2021-09-26 18:50:26
1641056,m,y,INFP,1051661,f,n,INFP,f,s,y,2021-09-15 17:49:23
1351699,m,y,ENFP,1550898,f,n,INTP,f,c,y,2021-09-24 13:11:56
1668240,m,y,ISTP,1345286,f,n,ISFJ,f,c,y,2021-09-26 11:05:12
1633648,m,y,INFP,1515527,f,n,ENFP,f,s,y,2021-08-31 20:27:07
1667277,f,y,ESTJ,1560477,m,n,INFJ,f,s,y,2021-09-27 20:59:23
1667277,f,y,ESTJ,961990,m,n,ENFP,f,s,y,2021-09-25 13:32:32
1667277,f,y,ESTJ,883268,m,n,ISTJ,f,s,y,2021-09-26 09:48:44
713039,m,y,INFP,1357775,f,n,ISFP,f,c,y,2021-09-24 18:05:38
1482289,m,y,INFP,1661040,f,n,ENFP,f,c,n,2021-09-26 23:31:49
1078091,m,y,ESTP,1489189,f,n,ISFP,f,c,y,2021-09-28 08:11:07
1655295,m,y,INFJ,762431,f,n,ISFP,f,s,y,2021-09-10 00:39:32
1554680,f,y,ESFP,1615115,m,y,INFJ,i,s,y,2021-09-23 18:16:06
1624582,f,y,INTJ,227832,m,n,INFP,f,c,y,2021-09-28 22:22:06
1650426,f,y,ENFJ,1568590,m,n,INFP,f,s,y,2021-09-23 13:46:13
1645779,f,y,ESFP,316998,m,n,ENFJ,f,s,y,2021-09-29 00:43:34
1478222,f,y,INTP,1349461,m,n,INFP,f,s,y,2021-09-08 15:00:48
1410120,f,y,INFJ,1669131,m,n,ESFP,f,c,y,2021-09-27 17:12:59
1667413,m,y,INTP,1549476,f,n,ESFJ,f,c,n,2021-09-26 13:36:35
1657810,f,y,ISFP,1420185,m,y,ISFJ,i,s,y,2021-09-25 01:36:46
1657810,f,y,ISFP,1665908,m,n,ENFJ,f,s,y,2021-09-25 02:00:06
1647531,m,y,ISTJ,1574763,f,n,INFJ,f,s,y,2021-08-31 21:08:08
1650589,m,y,ISTJ,1574763,f,n,INFJ,f,s,y,2021-09-05 12:33:40
1646544,f,y,ISTP,855340,m,n,INFP,f,s,y,2021-09-25 20:02:27
1646544,f,y,ISTP,1661643,m,n,INTP,f,c,y,2021-09-23 23:05:14
1661570,f,y,ISFP,1281060,m,n,INFP,f,s,y,2021-09-22 21:02:20
1634575,m,y,ENFP,1513115,f,n,ISFP,f,s,y,2021-09-04 18:59:55
1666920,m,y,INTP,1592854,f,n,ENFJ,f,c,y,2021-09-25 17:43:52
1666611,m,y,ESFP,1572301,f,n,ESTJ,f,c,y,2021-09-24 14:17:01
1419869,m,y,INFP,1567940,f,n,ISFJ,f,s,n,2021-09-29 19:30:29
1588175,m,y,ENFP,1556045,f,n,ESFP,f,c,y,2021-09-29 10:13:58
1652552,m,y,INFP,1616496,f,n,ESFJ,f,s,n,2021-09-11 15:29:29
1488426,f,y,ESTP,1622094,m,n,INFP,f,s,n,2021-09-20 21:30:24
1289200,f,y,ESFP,396494,m,n,INFP,f,s,y,2021-09-24 15:34:39
627327,m,y,ISFJ,1498028,f,n,ENFP,f,s,n,2021-09-27 13:55:24
1570270,m,y,INFP,1585775,f,n,ISFJ,f,s,y,2021-09-25 14:57:28
962365,f,y,ENFP,1643953,m,n,ESFJ,f,c,y,2021-09-28 22:35:03
1644636,f,y,ISTJ,1109518,m,n,ESTJ,f,c,y,2021-09-28 21:22:46
1668959,f,y,ISFP,1660071,m,n,INFP,f,c,y,2021-09-27 20:58:11
1572165,m,y,ENTP,1550651,f,n,INTP,f,c,y,2021-09-26 15:13:21
1215909,m,y,ENFP,1550651,f,n,INTP,f,s,y,2021-09-29 20:26:59
1623845,f,y,ENFJ,1669240,m,n,ENFP,f,s,y,2021-09-27 16:42:06
1099164,f,y,ESTP,1549975,m,n,INFP,f,s,y,2021-09-06 14:41:36
1646209,m,y,ENTP,1644636,f,n,ISTJ,f,s,y,2021-09-13 08:58:19
1471580,m,y,ESFP,513604,f,n,ENFJ,f,s,y,2021-09-12 13:08:03
1234768,m,y,ESFP,1649297,f,n,ESFP,f,s,n,2021-09-02 05:48:54
1285598,m,y,INFP,1650607,f,n,ENFJ,f,s,y,2021-09-04 07:57:44
1654639,m,y,ISFJ,936389,f,n,ISFP,f,s,y,2021-09-19 03:56:58
1376571,m,y,INFJ,1621892,f,n,ISTP,f,s,y,2021-09-02 22:01:51
847163,m,y,INTJ,1529213,f,n,ENFJ,f,c,y,2021-09-24 21:49:35
1484283,m,y,ENTJ,1652206,f,n,ISFP,f,c,y,2021-09-23 13:51:41
1613772,m,y,ESTP,1155590,f,n,ENFP,f,c,n,2021-09-27 20:08:24
1494017,m,y,ISFJ,1608463,f,n,ISFP,f,s,y,2021-09-26 03:10:52
1632389,m,y,INFP,1619516,f,n,ESFJ,f,s,y,2021-09-29 08:48:47
1641610,f,y,ISFP,450210,m,n,ISFJ,f,s,y,2021-09-27 06:16:27
1052385,m,y,INFP,1337673,f,n,ESTJ,f,s,n,2021-09-09 11:02:33
1667760,f,y,ENFP,1038309,m,n,INFP,f,c,y,2021-09-26 18:44:24
1260222,m,y,ISFP,1544026,f,n,ISFJ,f,c,n,2021-09-28 07:42:23
1660275,m,y,INFP,1385763,f,n,ENFP,f,s,y,2021-09-20 13:25:36
1633324,m,y,INFJ,1647523,f,n,ENTP,f,s,y,2021-09-08 07:15:38
1639067,m,y,ENFP,1666269,f,n,ESTP,f,c,y,2021-09-26 17:51:40
1667154,m,y,ISFP,1425721,f,n,INFP,f,c,n,2021-09-28 22:42:43
1093875,m,y,ENTJ,1468375,f,n,ISFJ,f,c,n,2021-09-30 01:45:06
1589431,m,y,INTJ,1617886,f,n,INFP,f,c,y,2021-09-25 13:21:04
1633025,m,y,ISTP,1183603,f,n,ENTJ,f,s,y,2021-09-05 00:18:09
1507842,m,y,INFJ,1485563,f,n,ENFJ,f,s,y,2021-09-28 06:39:23
1669421,m,y,ESFJ,1482639,f,n,INFP,f,c,y,2021-09-27 15:00:27
1646497,m,y,ENFJ,1482639,f,n,INFP,f,s,y,2021-09-28 08:26:18
1085266,m,y,ISFP,1324023,f,n,INFP,f,s,y,2021-09-19 14:21:54
1004751,m,y,ISFP,1528865,f,n,ENFJ,f,s,y,2021-09-15 15:25:59
1562237,f,y,ISTP,1643641,m,y,ISTJ,i,s,y,2021-09-15 15:17:04
1347455,f,y,ISTP,1141704,m,n,INFP,f,s,y,2021-09-16 16:25:44
661663,m,y,ISFP,1450689,f,n,ISFP,f,c,y,2021-09-26 13:15:58
1460026,m,y,ENFP,1450689,f,n,ISFP,f,c,y,2021-09-25 00:34:34
1653621,f,y,ESFP,1575434,m,n,INTJ,f,s,y,2021-09-20 23:54:03
1207999,m,y,INFP,1651981,f,n,INTP,f,c,y,2021-09-25 19:55:34
1506029,f,y,ISTP,1663710,m,n,INFJ,f,c,y,2021-09-26 07:18:17
1671415,m,y,ISFP,363492,f,n,ISFJ,f,c,n,2021-09-29 21:39:04
934658,m,y,ESFP,1541761,f,n,ISFJ,f,c,y,2021-09-25 20:42:02
1650324,f,y,INFP,1566583,m,n,ENFP,f,s,y,2021-09-16 16:19:19
1525283,m,y,ENFJ,1630584,f,n,INTP,f,s,y,2021-09-21 21:04:49
1147233,m,y,ENFJ,1454535,f,n,INFJ,f,s,y,2021-09-29 10:17:57
1466193,m,y,INFP,1504735,f,n,ISTP,f,s,y,2021-09-05 09:29:55
1558957,m,y,INFP,1502897,f,n,ENTJ,f,c,y,2021-09-24 22:29:48
1270732,f,y,ENTP,1440819,m,n,ENFP,f,s,y,2021-09-06 18:38:56
1010930,m,y,INFP,1278088,f,y,ESTJ,f,s,y,2021-09-05 14:38:19
1669725,m,y,ESFP,1593472,f,n,ISFP,f,c,y,2021-09-29 11:08:55
795341,m,y,INFJ,1668758,f,n,INTP,f,c,y,2021-09-29 15:13:19
1647604,f,y,ESFJ,1375200,m,n,ESFJ,f,s,y,2021-09-25 00:41:42
1651775,m,y,INTJ,1469513,f,n,ENFJ,f,s,n,2021-09-10 15:48:02
1398971,m,y,ENFP,1572566,f,n,ISFP,f,s,n,2021-09-05 20:19:53
1500443,m,y,INFJ,1621189,f,n,INFP,f,s,y,2021-09-12 05:42:54
1488177,m,y,ENFJ,1114113,f,n,ENFJ,f,s,y,2021-09-13 12:45:02
534923,m,y,ISFJ,1670739,f,n,INFP,f,c,y,2021-09-29 17:18:10
1637782,m,y,ISFP,1593140,f,n,ENFP,f,s,y,2021-09-01 23:00:40
1670647,m,y,ENFP,1670689,f,n,ENFP,f,c,n,2021-09-29 08:18:56
1084432,m,y,INFP,1653079,f,n,ENFP,f,c,y,2021-09-29 19:45:28
1577323,m,y,INFP,1570403,f,n,ENFP,f,s,y,2021-09-11 07:22:24
1650954,m,y,INFJ,1645470,f,n,ENFP,f,s,y,2021-09-15 09:34:52
1619351,f,y,INFP,1649195,m,n,INTP,f,s,y,2021-09-22 11:48:15
1636926,m,y,ENFP,1595949,f,n,ESFJ,f,s,y,2021-09-08 21:08:41
1457918,f,y,INFP,1489479,m,n,INFP,f,s,y,2021-09-24 19:43:36
320612,m,y,ENTP,1446907,f,n,ISTP,f,c,y,2021-09-27 22:27:19
1299514,m,y,INFP,1613301,f,n,ENFP,f,c,y,2021-09-24 09:26:37
1060234,f,y,ISTP,1382540,m,n,INFP,f,s,y,2021-09-21 12:52:40
1296090,m,y,ENFJ,1536588,f,n,ENFJ,f,c,y,2021-09-27 07:40:38
1027558,m,y,ESFJ,1568375,f,n,INFP,f,s,y,2021-09-26 00:14:50
1660292,m,y,INFP,1509878,f,n,INFP,f,c,y,2021-09-28 21:30:17
1485219,f,y,ENTJ,1080451,m,n,INFP,f,s,y,2021-09-30 00:30:44
1670270,m,y,ESFJ,1345654,f,n,ENFJ,f,c,n,2021-09-28 20:58:45
1560654,m,y,INFP,1602829,f,n,ESFP,f,c,y,2021-09-29 16:44:36
799363,f,y,INFJ,1545903,m,n,ISTP,f,s,y,2021-09-24 18:04:10
1288260,m,y,ESFJ,1592728,f,n,ISFP,f,c,n,2021-09-29 22:49:50
1661751,m,y,ENTJ,1667547,f,n,ENFJ,f,c,y,2021-09-25 11:28:21
